"05/05/2024","1,325.93","1,286.38","1,329.80","1,286.38","54.21M","3.14%"
"04/28/2024","1,285.62","1,284.86","1,294.11","1,267.51","40.93M","0.39%"
"04/21/2024","1,280.66","1,254.54","1,282.13","1,247.91","63.53M","2.04%"
"04/14/2024","1,255.09","1,288.13","1,292.25","1,241.68","58.58M","-2.58%"
"04/07/2024","1,288.35","1,257.11","1,288.97","1,252.35","340.97M","2.52%"
"03/31/2024","1,256.68","1,230.62","1,259.90","1,230.62","217.13M","2.13%"
"03/24/2024","1,230.53","1,226.96","1,232.79","1,225.19","112.75M","0.30%"
"03/17/2024","1,226.85","1,198.85","1,228.97","1,198.85","285.48M","2.39%"
"03/10/2024","1,198.24","1,183.10","1,204.64","1,170.55","517.33M","1.31%"
"03/03/2024","1,182.74","1,181.54","1,189.12","1,172.09","233.02M","0.12%"
"02/25/2024","1,181.29","1,165.16","1,186.68","1,162.59","276.14M","1.39%"
"02/18/2024","1,165.12","1,167.90","1,174.15","1,159.12","228.30M","-0.20%"
"02/11/2024","1,167.40","1,134.59","1,169.86","1,130.76","266.04M","2.91%"
"02/04/2024","1,134.42","1,158.97","1,162.88","1,125.61","255.24M","-2.11%"
"01/28/2024","1,158.92","1,178.30","1,185.86","1,156.42","230.63M","-1.65%"
"01/21/2024","1,178.42","1,167.29","1,180.72","1,161.32","247.69M","0.96%"
"01/14/2024","1,167.26","1,183.64","1,186.65","1,156.59","271.08M","-1.37%"
"01/07/2024","1,183.50","1,208.43","1,208.43","1,176.83","273.38M","-2.06%"
"12/31/2023","1,208.39","1,194.05","1,218.13","1,190.56","164.84M","1.22%"
"12/24/2023","1,193.83","1,184.37","1,197.17","1,184.37","75.11M","0.74%"
"12/17/2023","1,185.04","1,187.26","1,203.40","1,176.23","200.26M","-0.18%"
"12/10/2023","1,187.15","1,189.60","1,206.21","1,170.42","303.36M","-0.20%"
"12/03/2023","1,189.57","1,203.01","1,203.01","1,178.55","217.03M","-1.12%"
"11/26/2023","1,203.01","1,211.07","1,212.41","1,186.87","260.72M","-0.68%"
"11/19/2023","1,211.29","1,195.83","1,211.92","1,182.36","188.62M","1.29%"
"11/12/2023","1,195.90","1,182.76","1,206.13","1,180.53","240.75M","1.11%"
"11/05/2023","1,182.76","1,187.89","1,194.41","1,162.69","255.87M","-0.42%"
"10/29/2023","1,187.79","1,170.94","1,201.47","1,170.59","358.19M","1.48%"
"10/22/2023","1,170.46","1,168.41","1,182.04","1,154.30","302.85M","0.17%"
"10/15/2023","1,168.43","1,211.47","1,220.19","1,168.43","273.24M","-3.58%"
"10/08/2023","1,211.85","1,156.21","1,216.86","1,156.21","314.86M","4.82%"
"10/01/2023","1,156.12","1,194.34","1,203.70","1,146.75","299.23M","-3.09%"
"09/24/2023","1,193.03","1,198.43","1,203.56","1,175.94","319.93M","-0.46%"
"09/17/2023","1,198.57","1,211.66","1,216.15","1,191.53","569.35M","-1.06%"
"09/10/2023","1,211.44","1,175.82","1,217.66","1,175.60","282.93M","3.07%"
"09/03/2023","1,175.31","1,173.32","1,188.54","1,170.62","230.05M","0.17%"
"08/27/2023","1,173.29","1,138.67","1,176.31","1,138.66","227.16M","3.06%"
"08/20/2023","1,138.47","1,141.76","1,154.61","1,130.23","225.05M","-0.30%"
"08/13/2023","1,141.87","1,161.95","1,165.83","1,135.84","257.39M","-1.59%"
"08/06/2023","1,160.30","1,143.27","1,160.30","1,122.79","216.86M","1.49%"
"07/30/2023","1,143.31","1,133.80","1,148.82","1,121.68","202.00M","0.84%"
"07/23/2023","1,133.74","1,132.82","1,145.38","1,126.04","212.64M","0.09%"
"07/16/2023","1,132.75","1,103.94","1,133.26","1,090.28","289.06M","2.58%"
"07/09/2023","1,104.25","1,096.52","1,119.52","1,087.72","311.28M","0.70%"
"07/02/2023","1,096.53","1,109.01","1,123.62","1,090.15","212.72M","-1.09%"
"06/25/2023","1,108.66","1,082.15","1,112.25","1,070.07","246.27M","2.45%"
"06/18/2023","1,082.15","1,132.96","1,132.96","1,079.82","268.79M","-4.49%"
"06/11/2023","1,133.05","1,116.71","1,136.20","1,107.79","339.49M","1.48%"
"06/04/2023","1,116.50","1,103.10","1,120.68","1,090.20","205.27M","1.23%"
"05/28/2023","1,102.93","1,096.98","1,103.69","1,074.94","220.80M","0.55%"
"05/21/2023","1,096.94","1,104.95","1,114.38","1,094.22","211.36M","-0.74%"
"05/14/2023","1,105.13","1,097.13","1,108.09","1,089.78","124.33M","0.72%"
"05/07/2023","1,097.22","1,091.45","1,104.44","1,082.51","214.12M","0.56%"
"04/30/2023","1,091.15","1,110.97","1,113.05","1,076.37","200.72M","-1.78%"
"04/23/2023","1,110.94","1,103.11","1,113.96","1,089.77","284.04M","0.69%"
"04/16/2023","1,103.29","1,120.01","1,126.71","1,099.96","247.60M","-1.30%"
"04/09/2023","1,117.81","1,092.27","1,119.75","1,092.27","231.62M","2.34%"
"04/02/2023","1,092.27","1,091.93","1,115.68","1,085.45","130.03M","0.11%"
"03/26/2023","1,091.07","1,038.52","1,092.44","1,038.52","254.90M","5.07%"
"03/19/2023","1,038.38","1,047.85","1,081.02","1,022.95","355.51M","-1.03%"
"03/12/2023","1,049.15","1,113.20","1,116.64","1,043.40","557.93M","-5.75%"
"03/05/2023","1,113.20","1,144.21","1,151.57","1,107.35","372.46M","-2.71%"
"02/26/2023","1,144.21","1,118.37","1,147.51","1,118.37","347.11M","2.34%"
"02/19/2023","1,118.06","1,116.50","1,128.72","1,103.48","284.59M","0.16%"
"02/12/2023","1,116.22","1,127.61","1,130.19","1,114.37","345.29M","-0.98%"
"02/05/2023","1,127.31","1,099.45","1,134.98","1,087.36","378.31M","2.53%"
"01/29/2023","1,099.51","1,094.16","1,102.60","1,082.14","432.88M","0.48%"
"01/22/2023","1,094.28","1,082.93","1,099.96","1,074.83","355.69M","1.06%"
"01/15/2023","1,082.81","1,092.29","1,097.30","1,073.07","343.11M","-0.50%"
"01/08/2023","1,088.20","1,090.52","1,104.52","1,077.04","396.58M","-0.05%"
"01/01/2023","1,088.71","1,090.06","1,107.35","1,064.03","293.04M","-0.12%"
"12/25/2022","1,090.00","1,100.40","1,111.73","1,086.54","152.74M","-0.93%"
"12/18/2022","1,100.20","1,080.96","1,113.67","1,074.54","286.23M","1.80%"
"12/11/2022","1,080.74","1,096.17","1,122.01","1,077.75","358.25M","-1.41%"
"12/04/2022","1,096.22","1,115.82","1,124.89","1,083.06","227.79M","-1.75%"
"11/27/2022","1,115.80","1,121.61","1,134.91","1,100.77","306.77M","-0.53%"
"11/20/2022","1,121.74","1,081.21","1,126.25","1,073.39","283.24M","3.76%"
"11/13/2022","1,081.10","1,100.07","1,116.12","1,076.53","326.09M","-1.72%"
"11/06/2022","1,100.06","1,112.45","1,118.41","1,077.79","343.46M","-1.12%"
"10/30/2022","1,112.57","1,082.41","1,120.59","1,076.31","424.87M","2.96%"
"10/23/2022","1,080.54","1,044.50","1,093.00","1,033.58","400.62M","3.45%"
"10/16/2022","1,044.50","1,028.40","1,054.95","1,025.72","441.45M","1.57%"
"10/09/2022","1,028.31","1,053.81","1,056.95","1,019.65","436.07M","-2.45%"
"10/02/2022","1,054.15","1,028.15","1,066.37","1,024.73","388.02M","2.91%"
"09/25/2022","1,024.33","1,025.71","1,046.90","1,001.07","429.36M","-0.16%"
"09/18/2022","1,026.00","1,081.93","1,091.34","1,026.00","393.22M","-5.18%"
"09/11/2022","1,082.03","1,107.82","1,126.86","1,078.11","333.33M","-2.27%"
"09/04/2022","1,107.17","1,136.96","1,152.61","1,078.32","263.64M","-2.59%"
"08/28/2022","1,136.58","1,175.72","1,175.72","1,121.96","273.82M","-3.38%"
"08/21/2022","1,176.32","1,161.21","1,187.44","1,150.91","296.20M","1.28%"
"08/14/2022","1,161.42","1,150.31","1,165.21","1,128.68","335.89M","1.40%"
"08/07/2022","1,145.40","1,131.23","1,155.51","1,119.90","287.34M","1.26%"
"07/31/2022","1,131.15","1,141.09","1,149.53","1,115.16","238.91M","-0.87%"
"07/24/2022","1,141.09","1,093.83","1,141.55","1,080.84","220.26M","4.31%"
"07/17/2022","1,093.89","1,059.48","1,103.27","1,059.48","261.94M","3.30%"
"07/10/2022","1,058.90","1,081.65","1,098.57","1,047.64","218.96M","-2.11%"
"07/03/2022","1,081.73","1,062.76","1,098.53","1,058.59","260.03M","1.78%"
"06/26/2022","1,062.80","1,060.45","1,111.96","1,060.45","306.86M","0.22%"
"06/19/2022","1,060.44","1,099.36","1,124.01","1,047.54","262.43M","-3.54%"
"06/12/2022","1,099.36","1,129.39","1,132.33","1,087.18","365.12M","-2.68%"
"06/05/2022","1,129.59","1,158.21","1,169.43","1,127.75","266.62M","-2.52%"
"05/29/2022","1,158.84","1,168.12","1,182.55","1,151.11","333.68M","-0.79%"
"05/22/2022","1,168.02","1,131.15","1,172.96","1,127.61","236.91M","3.27%"
"05/15/2022","1,131.07","1,109.74","1,137.78","1,104.40","289.84M","1.94%"
"05/08/2022","1,109.57","1,102.04","1,111.11","1,052.56","401.15M","0.59%"
"05/01/2022","1,103.09","1,119.58","1,143.05","1,063.40","331.17M","-1.48%"
"04/24/2022","1,119.64","1,142.70","1,142.70","1,099.61","323.43M","-2.01%"
"04/17/2022","1,142.59","1,164.66","1,173.10","1,141.79","235.22M","-1.89%"
"04/10/2022","1,164.58","1,158.93","1,166.86","1,140.49","143.60M","0.49%"
"04/03/2022","1,158.89","1,154.95","1,162.68","1,135.16","271.93M","0.34%"
"03/27/2022","1,154.93","1,143.75","1,157.61","1,116.80","294.20M","1.00%"
"03/20/2022","1,143.45","1,109.53","1,151.72","1,109.47","352.82M","3.08%"
"03/13/2022","1,109.33","1,074.31","1,113.38","1,051.55","296.26M","3.31%"
"03/06/2022","1,073.78","1,074.99","1,094.39","1,060.60","383.94M","-0.06%"
"02/27/2022","1,074.47","1,067.05","1,126.51","1,064.32","339.22M","0.68%"
"02/20/2022","1,067.20","1,070.80","1,076.66","1,046.06","284.21M","-0.23%"
"02/13/2022","1,069.66","1,089.89","1,096.67","1,061.94","233.12M","-1.95%"
"02/06/2022","1,090.88","1,071.16","1,093.92","1,065.18","215.60M","1.90%"
"01/30/2022","1,070.54","1,050.83","1,077.54","1,049.74","227.53M","1.91%"
"01/23/2022","1,050.49","1,058.60","1,068.95","1,024.74","285.39M","-0.80%"
"01/16/2022","1,058.95","1,089.78","1,095.11","1,058.95","221.71M","-2.83%"
"01/09/2022","1,089.77","1,077.57","1,095.12","1,062.54","219.61M","1.13%"
"01/02/2022","1,077.59","1,069.03","1,090.06","1,065.59","237.20M","0.84%"
"12/26/2021","1,068.63","1,067.91","1,076.21","1,062.56","101.35M","0.07%"
"12/19/2021","1,067.89","1,046.56","1,069.32","1,028.75","145.22M","2.02%"
"12/12/2021","1,046.79","1,059.52","1,072.45","1,032.77","232.86M","-1.18%"
"12/05/2021","1,059.29","1,046.66","1,081.28","1,041.51","198.95M","1.21%"
"11/28/2021","1,046.64","1,045.35","1,063.34","1,037.35","259.13M","0.24%"
"11/21/2021","1,044.16","1,085.70","1,091.74","1,040.40","246.91M","-3.75%"
"11/14/2021","1,084.79","1,093.02","1,103.40","1,076.52","253.25M","-0.75%"
"11/07/2021","1,092.96","1,096.65","1,102.20","1,080.98","209.18M","-0.32%"
"10/31/2021","1,096.43","1,056.02","1,096.43","1,055.80","234.25M","3.81%"
"10/24/2021","1,056.19","1,082.45","1,083.70","1,055.81","237.43M","-2.41%"
"10/17/2021","1,082.28","1,063.63","1,087.22","1,060.77","269.01M","1.79%"
"10/10/2021","1,063.24","1,037.41","1,070.19","1,032.45","229.75M","2.48%"
"10/03/2021","1,037.51","1,034.07","1,046.09","1,020.00","252.32M","0.33%"
"09/26/2021","1,034.08","1,024.80","1,041.95","1,015.21","240.59M","0.91%"
"09/19/2021","1,024.71","1,008.23","1,026.84","977.12","270.31M","1.64%"
"09/12/2021","1,008.21","1,017.01","1,026.66","1,008.21","260.91M","-0.81%"
"09/05/2021","1,016.40","1,023.16","1,038.74","1,014.87","146.00M","-0.68%"
"08/29/2021","1,023.31","1,027.89","1,031.46","1,003.83","181.98M","-0.44%"
"08/22/2021","1,027.83","998.17","1,027.83","998.17","162.71M","2.99%"
"08/15/2021","997.96","1,022.06","1,022.06","990.85","211.52M","-2.41%"
"08/08/2021","1,022.65","1,009.76","1,023.84","1,006.28","171.94M","1.29%"
"08/01/2021","1,009.66","998.76","1,014.57","998.76","177.15M","1.09%"
"07/25/2021","998.78","997.49","1,005.94","990.94","154.04M","0.09%"
"07/18/2021","997.87","998.60","1,003.76","974.33","167.30M","-0.08%"
"07/11/2021","998.64","1,007.27","1,022.88","998.64","170.06M","-0.82%"
"07/04/2021","1,006.90","1,010.16","1,020.24","994.46","199.25M","-0.29%"
"06/27/2021","1,009.84","1,014.46","1,015.12","992.31","213.68M","-0.44%"
"06/20/2021","1,014.32","983.00","1,014.35","969.49","205.65M","3.19%"
"06/13/2021","983.01","1,005.39","1,016.77","981.70","251.17M","-2.12%"
"06/06/2021","1,004.33","1,007.92","1,010.91","998.35","188.70M","-0.38%"
"05/30/2021","1,008.18","986.63","1,008.18","980.07","201.55M","2.19%"
"05/23/2021","986.58","971.38","988.89","960.27","236.32M","1.58%"
"05/16/2021","971.27","949.98","971.28","937.21","185.85M","2.26%"
"05/09/2021","949.82","965.45","970.13","934.55","180.61M","-1.62%"
"05/02/2021","965.45","949.25","965.45","943.94","328.21M","1.72%"
"04/25/2021","949.16","947.12","974.48","943.17","197.45M","0.24%"
"04/18/2021","946.92","960.57","964.20","928.45","170.97M","-1.43%"
"04/11/2021","960.62","939.38","960.62","931.60","193.62M","2.18%"
"04/04/2021","940.14","941.69","955.14","938.46","165.92M","-0.15%"
"03/28/2021","941.51","932.65","945.69","929.67","114.57M","0.92%"
"03/21/2021","932.89","932.92","938.35","911.44","214.69M","-0.02%"
"03/14/2021","933.07","944.76","951.48","931.66","268.03M","-1.23%"
"03/07/2021","944.72","923.59","949.93","923.47","302.45M","2.30%"
"02/28/2021","923.50","894.94","925.51","894.94","241.70M","3.19%"
"02/21/2021","894.94","877.19","912.84","874.29","298.49M","2.04%"
"02/14/2021","877.08","873.65","884.55","864.44","242.11M","0.51%"
"02/07/2021","872.65","882.22","887.69","870.43","195.27M","-1.09%"
"01/31/2021","882.23","863.08","889.56","859.91","188.69M","2.22%"
"01/24/2021","863.06","884.76","888.68","845.23","281.15M","-2.49%"
"01/17/2021","885.08","881.35","899.44","871.63","231.93M","0.43%"
"01/10/2021","881.33","890.21","898.96","876.31","251.38M","-1.00%"
"01/03/2021","890.21","859.01","894.66","848.13","274.45M","3.65%"
"12/27/2020","858.86","842.14","861.80","842.14","95.37M","1.99%"
"12/20/2020","842.09","839.29","842.12","814.50","108.88M","0.32%"
"12/13/2020","839.39","829.30","841.61","824.32","208.37M","1.21%"
"12/06/2020","829.33","826.92","837.57","822.17","176.20M","0.37%"
"11/29/2020","826.27","835.65","835.65","815.34","277.08M","-1.12%"
"11/22/2020","835.65","801.21","836.21","801.21","274.35M","4.31%"
"11/15/2020","801.12","786.03","807.73","785.92","307.27M","1.94%"
"11/08/2020","785.84","738.17","787.86","738.17","304.72M","6.47%"
"11/01/2020","738.06","708.56","739.47","706.97","212.78M","4.18%"
"10/25/2020","708.43","750.33","750.33","696.13","225.27M","-5.58%"
"10/18/2020","750.33","759.28","764.96","738.91","222.62M","-1.17%"
"10/11/2020","759.24","763.88","768.48","748.72","248.74M","-0.61%"
"10/04/2020","763.88","742.63","769.99","742.63","221.12M","2.87%"
"09/27/2020","742.55","730.69","748.45","730.69","226.49M","1.61%"
"09/20/2020","730.76","756.61","756.85","725.48","367.29M","-3.41%"
"09/13/2020","756.59","753.52","760.39","748.44","274.02M","0.42%"
"09/06/2020","753.46","742.98","757.35","736.08","218.27M","1.41%"
"08/30/2020","742.95","758.28","765.51","735.82","224.14M","-2.02%"
"08/23/2020","758.24","755.96","777.41","754.89","214.00M","0.31%"
"08/16/2020","755.92","768.01","770.50","751.49","151.56M","-1.59%"
"08/09/2020","768.10","751.96","777.51","749.66","186.36M","2.15%"
"08/02/2020","751.95","728.90","756.48","728.69","200.65M","3.16%"
"07/26/2020","728.89","746.65","748.65","723.08","244.88M","-2.32%"
"07/19/2020","746.19","754.39","766.03","736.03","249.72M","-1.03%"
"07/12/2020","753.96","718.47","754.80","718.47","270.56M","5.02%"
"07/05/2020","717.92","718.97","729.00","708.10","250.52M","-0.14%"
"06/28/2020","718.90","715.16","727.64","711.29","237.98M","0.50%"
"06/21/2020","715.31","733.91","738.78","708.69","228.08M","-2.53%"
"06/14/2020","733.91","742.41","746.99","713.84","721.30M","-1.30%"
"06/07/2020","743.57","767.59","780.54","723.51","870.33M","-3.13%"
"05/31/2020","767.59","717.26","769.32","717.26","635.42M","7.05%"
"05/24/2020","717.05","701.17","733.91","701.17","893.70M","2.29%"
"05/17/2020","701.03","682.58","715.95","682.58","869.93M","2.74%"
"05/10/2020","682.32","695.89","702.36","665.29","331.10M","-1.92%"
"05/03/2020","695.68","709.66","709.66","678.13","404.00M","-2.00%"
"04/26/2020","709.87","675.12","712.43","675.12","352.54M","5.15%"
"04/19/2020","675.08","685.01","687.67","653.66","404.55M","-1.45%"
"04/12/2020","685.02","670.74","689.26","664.54","459.15M","2.35%"
"04/05/2020","669.31","656.17","685.96","652.71","271.90M","2.01%"
"03/29/2020","656.14","611.69","676.83","594.67","569.21M","7.26%"
"03/22/2020","611.70","619.55","640.85","591.03","589.73M","-1.58%"
"03/15/2020","621.51","609.55","658.49","552.33","864.50M","1.99%"
"03/08/2020","609.37","722.07","722.07","576.90","854.28M","-15.68%"
"03/01/2020","722.73","748.32","784.15","722.73","685.71M","-3.35%"
"02/23/2020","747.75","841.90","841.90","734.65","697.55M","-11.27%"
"02/16/2020","842.74","835.17","849.77","827.60","411.33M","0.91%"
"02/09/2020","835.17","826.74","839.07","815.57","373.67M","1.04%"
"02/02/2020","826.61","822.34","849.19","816.88","327.31M","0.52%"
"01/26/2020","822.33","846.79","846.79","822.28","327.76M","-2.90%"
"01/19/2020","846.91","856.89","858.96","835.60","286.27M","-1.16%"
"01/12/2020","856.87","850.80","858.33","842.43","244.69M","0.73%"
"01/05/2020","850.69","853.49","859.58","846.06","242.10M","-0.33%"
"12/29/2019","853.47","846.72","855.51","843.31","119.31M","0.80%"
"12/22/2019","846.70","843.06","854.46","843.06","61.24M","0.45%"
"12/15/2019","842.94","829.67","844.56","826.96","219.96M","1.60%"
"12/08/2019","829.67","825.78","832.12","816.27","197.32M","0.48%"
"12/01/2019","825.72","823.36","827.19","803.75","260.05M","0.26%"
"11/24/2019","823.58","832.12","838.69","822.42","189.08M","-1.03%"
"11/17/2019","832.12","826.78","832.31","815.83","303.66M","0.65%"
"11/10/2019","826.73","842.48","845.54","822.90","223.32M","-1.87%"
"11/03/2019","842.51","829.80","845.44","828.86","263.27M","1.54%"
"10/27/2019","829.75","831.30","840.61","822.86","235.35M","-0.19%"
"10/20/2019","831.30","821.36","836.59","818.22","270.01M","1.21%"
"10/13/2019","821.35","812.76","824.01","799.44","260.41M","1.05%"
"10/06/2019","812.78","796.90","814.32","793.68","239.84M","2.06%"
"09/29/2019","796.37","813.95","819.08","783.17","230.50M","-2.16%"
"09/22/2019","813.95","832.53","833.57","806.46","235.92M","-2.24%"
"09/15/2019","832.56","816.66","834.06","816.16","346.18M","1.95%"
"09/08/2019","816.63","797.70","817.34","794.12","248.18M","2.44%"
"09/01/2019","797.17","788.79","807.77","779.37","301.51M","1.04%"
"08/25/2019","788.95","769.80","790.67","759.69","252.78M","2.43%"
"08/18/2019","770.25","761.95","779.72","761.95","241.43M","1.10%"
"08/11/2019","761.87","770.65","776.45","743.22","305.24M","-1.14%"
"08/04/2019","770.63","785.70","785.70","760.52","225.04M","-1.92%"
"07/28/2019","785.75","800.34","801.68","781.49","237.24M","-1.82%"
"07/21/2019","800.34","798.01","811.91","795.08","220.59M","0.30%"
"07/14/2019","797.98","815.15","818.14","793.13","197.95M","-2.09%"
"07/07/2019","815.05","818.18","825.62","811.46","281.12M","-0.38%"
"06/30/2019","818.14","798.08","821.76","798.08","353.65M","2.50%"
"06/23/2019","798.18","806.36","813.48","796.19","296.41M","-1.00%"
"06/16/2019","806.28","798.17","809.95","790.31","361.21M","1.01%"
"06/09/2019","798.20","803.00","810.21","790.36","571.84M","-0.60%"
"06/02/2019","803.05","784.30","804.74","775.17","450.50M","2.39%"
"05/26/2019","784.31","807.15","812.15","771.94","349.78M","-2.84%"
"05/19/2019","807.20","815.61","823.38","800.43","275.79M","-0.91%"
"05/12/2019","814.62","801.30","814.62","790.22","271.76M","1.66%"
"05/05/2019","801.30","811.01","812.10","789.50","363.59M","-1.21%"
"04/28/2019","811.13","814.27","816.98","804.69","275.94M","-0.38%"
"04/21/2019","814.26","818.58","825.92","811.39","211.03M","-0.51%"
"04/14/2019","818.41","812.44","821.43","811.77","125.11M","0.73%"
"04/07/2019","812.44","812.13","818.33","807.29","203.66M","0.04%"
"03/31/2019","812.13","793.47","813.37","793.46","216.05M","2.37%"
"03/24/2019","793.33","806.06","806.06","793.33","207.11M","-1.59%"
"03/17/2019","806.13","813.24","825.50","806.07","220.50M","-0.88%"
"03/10/2019","813.25","797.42","817.79","792.30","235.58M","1.99%"
"03/03/2019","797.39","799.88","809.82","794.03","185.51M","-0.31%"
"02/24/2019","799.84","805.03","814.71","798.75","215.86M","-0.64%"
"02/17/2019","805.03","800.44","808.69","792.90","222.51M","0.58%"
"02/10/2019","800.39","769.50","801.13","769.50","205.30M","4.01%"
"02/03/2019","769.50","776.22","791.98","769.50","272.39M","-0.85%"
"01/27/2019","776.12","777.68","785.72","766.28","281.62M","-0.21%"
"01/20/2019","777.79","793.29","795.42","775.54","208.04M","-1.97%"
"01/13/2019","793.40","778.83","793.44","770.35","210.35M","1.87%"
"01/06/2019","778.87","769.54","786.76","766.16","279.28M","1.22%"
"12/30/2018","769.48","739.45","769.48","726.16","232.62M","4.07%"
"12/23/2018","739.42","746.00","751.28","726.29","96.23M","-0.87%"
"12/16/2018","745.93","768.52","770.99","735.85","","-2.94%"
"12/09/2018","768.56","781.23","782.19","761.54","","-1.72%"
"12/02/2018","782.03","791.82","812.78","764.56","","-1.12%"
"11/25/2018","790.91","772.65","794.59","772.65","","2.39%"
"11/18/2018","772.42","804.75","810.47","768.74","","-4.02%"
"11/11/2018","804.77","819.68","827.28","797.73","","-1.77%"
"11/04/2018","819.23","822.35","834.39","817.16","","-0.37%"
"10/28/2018","822.26","802.42","829.88","802.25","","2.48%"
"10/21/2018","802.39","837.78","844.44","790.50","","-4.22%"
"10/14/2018","837.71","830.32","849.03","824.06","","0.89%"
"10/07/2018","830.31","859.42","861.83","818.46","","-3.39%"
"09/30/2018","859.42","871.28","881.06","858.59","","-1.36%"
"09/23/2018","871.27","855.56","882.06","855.17","","1.85%"
"09/16/2018","855.42","840.48","857.22","838.04","","1.76%"
"09/09/2018","840.66","828.26","843.47","828.19","","1.48%"
"09/02/2018","828.41","840.17","845.05","822.68","","-1.41%"
"08/26/2018","840.23","840.00","850.14","839.86","","0.03%"
"08/19/2018","840.00","824.40","842.89","824.40","","1.89%"
"08/12/2018","824.40","830.06","833.69","816.36","","-0.74%"
"08/05/2018","830.56","823.53","841.70","823.23","","0.87%"
"07/29/2018","823.36","823.75","829.57","819.17","","-0.05%"
"07/22/2018","823.75","808.20","823.75","806.61","","1.91%"
"07/15/2018","808.31","808.40","809.61","798.44","","0.03%"
"07/08/2018","808.09","812.85","834.42","806.15","","-0.58%"
"07/01/2018","812.79","813.69","821.13","803.35","","-0.11%"
"06/24/2018","813.68","814.10","819.01","801.39","","0.00%"
"06/17/2018","813.64","825.43","825.43","800.40","","-1.43%"
"06/10/2018","825.45","822.40","830.92","819.35","","0.42%"
"06/03/2018","822.02","807.45","823.60","804.39","","1.82%"
"05/27/2018","807.30","790.98","810.13","786.40","","1.67%"
"05/20/2018","794.01","823.95","826.94","793.14","","-3.60%"
"05/13/2018","823.63","810.33","825.10","804.64","","1.64%"
"05/06/2018","810.35","796.72","816.25","796.19","","1.72%"
"04/29/2018","796.63","797.06","804.03","790.53","","-0.05%"
"04/22/2018","797.06","778.30","803.79","773.03","","2.42%"
"04/15/2018","778.22","772.70","789.30","766.66","","0.71%"
"04/08/2018","772.74","746.90","774.38","744.75","","3.47%"
"04/01/2018","746.82","735.65","750.92","729.13","","1.45%"
"03/25/2018","736.13","731.87","739.27","728.28","","0.56%"
"03/18/2018","732.01","737.96","738.27","715.92","","-0.80%"
"03/11/2018","737.95","749.72","753.80","734.40","","-1.52%"
"03/04/2018","749.36","727.31","749.90","726.88","","3.03%"
"02/25/2018","727.30","754.28","759.27","727.30","","-3.59%"
"02/18/2018","754.35","742.20","754.49","733.74","","1.64%"
"02/11/2018","742.18","721.63","742.18","720.60","","2.86%"
"02/04/2018","721.54","739.11","739.11","707.42","","-2.41%"
"01/28/2018","739.38","751.90","754.58","735.37","","-1.67%"
"01/21/2018","751.90","761.56","770.40","751.39","","-1.27%"
"01/14/2018","761.58","765.92","769.42","756.47","","-0.57%"
"01/07/2018","765.94","761.36","770.17","758.04","","0.71%"
"12/31/2017","760.51","742.86","760.51","740.40","","2.38%"
"12/24/2017","742.80","737.61","748.92","737.54","","0.71%"
"12/17/2017","737.56","721.98","741.71","721.98","","2.16%"
"12/10/2017","721.98","718.72","733.10","716.78","","0.45%"
"12/03/2017","718.72","731.22","735.66","714.05","","-1.67%"
"11/26/2017","730.90","732.29","733.87","720.58","","-0.27%"
"11/19/2017","732.88","728.10","740.26","725.86","","0.63%"
"11/12/2017","728.27","738.21","740.63","726.16","","-1.34%"
"11/05/2017","738.17","750.71","751.88","736.62","","-1.00%"
"10/29/2017","745.66","734.67","749.54","732.52","","1.50%"
"10/22/2017","734.64","727.55","735.67","722.92","","0.98%"
"10/15/2017","727.53","723.52","727.55","717.24","","0.56%"
"10/08/2017","723.50","714.16","724.00","713.14","","1.33%"
"10/01/2017","714.02","713.68","720.72","712.92","","0.05%"
"09/24/2017","713.68","702.95","714.81","701.56","","1.52%"
"09/17/2017","702.98","689.13","703.48","689.13","","2.03%"
"09/10/2017","688.98","675.76","693.75","675.70","","1.95%"
"09/03/2017","675.77","676.36","679.99","671.86","","-0.10%"
"08/27/2017","676.46","661.81","676.60","649.41","359.30M","2.20%"
"08/20/2017","661.90","655.85","663.89","654.64","306.37M","0.93%"
"08/13/2017","655.81","657.16","665.66","652.43","285.64M","-0.15%"
"08/06/2017","656.80","665.51","672.03","654.67","263.35M","-1.31%"
"07/30/2017","665.51","662.62","666.21","659.46","310.61M","0.45%"
"07/23/2017","662.55","650.90","666.93","647.96","270.79M","1.79%"
"07/16/2017","650.92","647.03","662.39","647.03","350.97M","0.60%"
"07/09/2017","647.02","622.88","649.18","622.88","293.68M","3.89%"
"07/02/2017","622.81","625.42","635.43","622.42","242.68M","-0.42%"
"06/25/2017","625.42","620.99","631.29","618.20","231.08M","0.89%"
"06/18/2017","619.88","626.99","636.02","617.70","257.03M","-1.12%"
"06/11/2017","626.88","634.18","641.81","623.03","303.59M","-1.15%"
"06/04/2017","634.15","637.74","641.13","628.95","210.50M","-0.57%"
"05/28/2017","637.77","645.95","647.22","636.39","269.41M","-1.25%"
"05/21/2017","645.87","652.22","655.14","644.08","184.73M","-0.97%"
"05/14/2017","652.22","648.69","657.17","638.13","254.15M","0.57%"
"05/07/2017","648.55","637.07","651.63","633.48","358.92M","1.85%"
"04/30/2017","636.74","623.68","637.28","621.92","337.36M","2.10%"
"04/23/2017","623.66","611.40","628.65","611.29","379.43M","2.02%"
"04/16/2017","611.29","626.34","629.00","608.70","225.65M","-2.40%"
"04/09/2017","626.32","622.66","627.59","621.92","120.66M","0.62%"
"04/02/2017","622.47","618.48","624.70","614.50","277.41M","0.68%"
"03/26/2017","618.27","622.45","623.56","607.69","344.77M","-0.68%"
"03/19/2017","622.48","633.00","637.54","620.04","260.52M","-1.66%"
"03/12/2017","632.98","628.43","637.11","622.19","364.98M","0.72%"
"03/05/2017","628.43","620.78","630.15","613.85","317.49M","1.19%"
"02/26/2017","621.03","615.90","631.78","615.90","345.59M","0.83%"
"02/19/2017","615.93","617.18","629.86","613.76","300.58M","-0.20%"
"02/12/2017","617.18","626.18","632.35","614.11","412.21M","-1.43%"
"02/05/2017","626.14","632.33","632.63","619.74","296.29M","-0.98%"
"01/29/2017","632.32","638.33","638.43","623.11","312.64M","-0.94%"
"01/22/2017","638.35","632.82","642.49","628.25","372.29M","0.88%"
"01/15/2017","632.79","628.75","633.86","621.25","345.15M","0.64%"
"01/08/2017","628.74","627.93","631.33","618.80","442.25M","0.17%"
"01/01/2017","627.70","618.18","630.03","617.64","408.57M","1.61%"
"12/25/2016","617.75","614.42","620.73","614.05","143.55M","0.54%"
"12/18/2016","614.42","615.51","615.85","609.07","347.90M","-0.18%"
"12/11/2016","615.52","617.28","627.03","609.31","422.04M","-0.28%"
"12/04/2016","617.26","589.65","617.26","588.77","552.65M","4.68%"
"11/27/2016","589.64","589.26","595.32","578.24","351.93M","0.06%"
"11/20/2016","589.26","578.95","590.61","578.95","280.88M","1.78%"
"11/13/2016","578.95","572.52","581.39","568.75","399.36M","1.12%"
"11/06/2016","572.52","558.66","580.24","551.25","407.46M","2.60%"
"10/30/2016","557.99","573.60","574.96","556.06","500.16M","-2.73%"
"10/23/2016","573.68","572.64","577.17","563.25","383.65M","0.24%"
"10/16/2016","572.32","567.42","573.16","560.28","419.95M","0.86%"
"10/09/2016","567.43","559.42","572.14","559.03","306.23M","1.46%"
"10/02/2016","559.26","552.39","566.47","551.48","391.84M","1.28%"
"09/25/2016","552.21","546.99","553.03","531.64","496.20M","0.94%"
"09/18/2016","547.05","531.19","550.93","531.13","549.96M","3.01%"
"09/11/2016","531.08","547.76","547.76","526.89","394.15M","-3.05%"
"09/04/2016","547.81","553.77","559.50","547.26","500.19M","-1.04%"
"08/28/2016","553.56","549.78","554.37","544.56","331.47M","0.68%"
"08/21/2016","549.80","544.36","552.86","542.10","282.62M","0.99%"
"08/14/2016","544.39","552.44","553.62","538.94","321.76M","-1.47%"
"08/07/2016","552.52","545.59","557.61","545.30","335.14M","1.27%"
"07/31/2016","545.58","545.60","551.78","532.85","259.53M","0.01%"
"07/24/2016","545.55","560.82","562.62","545.34","261.73M","-2.72%"
"07/17/2016","560.82","556.85","568.11","554.04","437.68M","0.44%"
"07/10/2016","558.39","548.18","559.48","548.17","396.82M","1.87%"
"07/03/2016","548.15","550.55","553.87","531.33","384.57M","-0.43%"
"06/26/2016","550.52","531.10","550.53","513.73","394.31M","3.60%"
"06/19/2016","531.37","529.62","553.55","515.62","391.28M","0.36%"
"06/12/2016","529.45","540.48","540.48","513.36","459.71M","-2.04%"
"06/05/2016","540.50","544.15","559.70","539.59","410.33M","-0.64%"
"05/29/2016","544.00","555.44","559.93","544.00","314.02M","-2.05%"
"05/22/2016","555.41","542.74","558.78","539.59","517.65M","2.34%"
"05/15/2016","542.69","535.87","544.11","533.28","317.06M","1.27%"
"05/08/2016","535.89","534.75","545.56","531.41","462.18M","0.21%"
"05/01/2016","534.75","545.25","545.65","528.15","485.93M","-1.93%"
"04/24/2016","545.30","533.82","550.41","530.28","526.74M","2.16%"
"04/17/2016","533.77","523.72","543.60","512.69","411.25M","1.94%"
"04/10/2016","523.62","505.37","530.68","502.77","465.56M","3.61%"
"04/03/2016","505.37","508.78","510.65","497.21","385.50M","-0.67%"
"03/27/2016","508.78","526.42","527.40","506.01","408.46M","-3.29%"
"03/20/2016","526.07","530.69","531.27","523.51","223.97M","-0.87%"
"03/13/2016","530.68","526.07","531.72","520.34","460.23M","0.88%"
"03/06/2016","526.07","528.40","535.30","519.29","599.27M","-0.44%"
"02/28/2016","528.40","507.19","528.40","503.33","540.75M","4.18%"
"02/21/2016","507.21","492.42","509.21","486.12","489.56M","3.06%"
"02/14/2016","492.17","466.93","505.79","466.93","604.14M","5.48%"
"02/07/2016","466.58","503.14","505.53","458.53","720.64M","-7.27%"
"01/31/2016","503.15","500.43","506.15","479.94","508.71M","0.55%"
"01/24/2016","500.38","488.93","500.48","471.91","438.05M","2.35%"
"01/17/2016","488.89","471.97","488.89","455.98","490.20M","3.58%"
"01/10/2016","471.97","496.64","496.64","464.64","467.36M","-4.98%"
"01/03/2016","496.71","538.87","538.87","489.28","356.05M","-7.84%"
"12/27/2015","538.98","536.87","540.57","532.03","83.62M","0.39%"
"12/20/2015","536.86","523.38","537.24","517.09","125.28M","2.55%"
"12/13/2015","523.49","528.58","544.05","519.91","455.03M","-0.97%"
"12/06/2015","528.60","546.83","552.79","528.30","387.98M","-3.33%"
"11/29/2015","546.81","559.56","568.82","545.61","457.09M","-2.29%"
"11/22/2015","559.61","558.14","563.47","552.01","275.66M","0.03%"
"11/15/2015","559.47","543.73","567.86","540.09","282.47M","2.88%"
"11/08/2015","543.82","562.42","568.52","543.02","327.36M","-3.30%"
"11/01/2015","562.36","549.10","571.35","548.13","343.16M","2.41%"
"10/25/2015","549.11","560.39","564.26","546.68","299.96M","-2.01%"
"10/18/2015","560.37","550.20","564.07","543.96","275.00M","1.85%"
"10/11/2015","550.21","555.16","558.09","540.97","304.99M","-0.89%"
"10/04/2015","555.16","518.20","561.28","518.20","437.17M","7.23%"
"09/27/2015","517.72","515.69","525.99","499.05","425.66M","0.34%"
"09/20/2015","515.95","521.09","527.39","503.28","400.00M","-0.98%"
"09/13/2015","521.07","516.83","530.52","509.01","394.90M","0.82%"
"09/06/2015","516.82","520.70","537.75","515.69","445.36M","-0.67%"
"08/30/2015","520.31","531.79","535.15","517.26","405.83M","-2.20%"
"08/23/2015","532.04","522.89","535.71","484.15","551.06M","1.30%"
"08/16/2015","525.22","549.86","554.23","522.96","352.88M","-4.48%"
"08/09/2015","549.86","573.16","574.26","548.86","338.96M","-4.07%"
"08/02/2015","573.17","574.43","580.03","570.81","487.97M","-0.23%"
"07/26/2015","574.48","577.32","580.41","562.89","373.06M","-0.52%"
"07/19/2015","577.50","584.48","591.07","577.43","321.68M","-1.20%"
"07/12/2015","584.53","573.23","590.66","573.21","456.88M","1.97%"
"07/05/2015","573.23","566.22","577.00","552.89","353.51M","1.20%"
"06/28/2015","566.45","582.28","582.28","564.44","273.64M","-2.75%"
"06/21/2015","582.46","571.64","588.09","571.64","260.47M","1.89%"
"06/14/2015","571.64","575.11","575.11","561.57","352.14M","-0.65%"
"06/07/2015","575.36","587.30","588.97","575.36","325.36M","-2.04%"
"05/31/2015","587.34","581.93","597.36","576.08","332.88M","0.94%"
"05/24/2015","581.86","589.57","589.57","578.14","258.80M","-1.31%"
"05/17/2015","589.57","591.18","595.13","585.80","366.54M","-0.26%"
"05/10/2015","591.12","586.57","598.17","586.13","324.86M","0.78%"
"05/03/2015","586.56","578.03","592.50","577.94","575.58M","1.47%"
"04/26/2015","578.04","589.81","590.55","571.17","304.00M","-2.00%"
"04/19/2015","589.81","590.37","595.95","580.83","272.41M","-0.13%"
"04/12/2015","590.59","596.59","605.85","589.04","365.22M","-1.00%"
"04/05/2015","596.58","564.57","596.58","563.98","292.81M","5.80%"
"03/29/2015","563.86","559.29","565.49","557.26","148.98M","0.93%"
"03/22/2015","558.64","565.11","565.92","551.53","408.41M","-1.17%"
"03/15/2015","565.27","554.13","565.42","549.54","422.38M","2.00%"
"03/08/2015","554.18","560.96","561.23","544.71","441.22M","-1.22%"
"03/01/2015","561.02","557.68","564.24","550.30","408.66M","0.60%"
"02/22/2015","557.66","557.34","562.92","552.75","358.57M","0.08%"
"02/15/2015","557.24","561.50","566.69","556.13","414.79M","-0.72%"
"02/08/2015","561.28","561.65","566.08","549.26","501.93M","-0.09%"
"02/01/2015","561.81","542.57","562.19","540.64","585.47M","3.58%"
"01/25/2015","542.37","549.05","551.10","540.03","342.81M","-1.31%"
"01/18/2015","549.57","526.81","551.52","526.81","360.23M","4.37%"
"01/11/2015","526.57","527.71","532.04","514.99","415.87M","-0.21%"
"01/04/2015","527.67","526.41","531.81","508.70","421.56M","0.24%"
"12/28/2014","526.41","530.38","532.76","520.16","152.31M","-0.82%"
"12/21/2014","530.77","527.09","535.50","525.98","159.40M","0.71%"
"12/14/2014","527.04","495.91","528.47","483.68","720.24M","6.24%"
"12/07/2014","496.10","518.07","518.48","495.55","404.92M","-4.24%"
"11/30/2014","518.09","515.95","526.67","506.34","452.86M","0.41%"
"11/23/2014","515.97","555.34","558.34","511.05","418.20M","-7.08%"
"11/16/2014","555.27","547.02","557.32","541.27","332.96M","1.46%"
"11/09/2014","547.26","536.03","547.72","534.00","377.06M","2.10%"
"11/02/2014","536.00","534.28","538.82","525.26","493.39M","0.39%"
"10/26/2014","533.94","524.50","538.19","519.56","384.24M","1.88%"
"10/19/2014","524.07","506.03","525.94","497.12","465.24M","3.59%"
"10/12/2014","505.89","505.03","514.44","482.03","536.36M","0.17%"
"10/05/2014","505.03","534.30","536.94","503.32","461.54M","-5.51%"
"09/28/2014","534.50","555.11","564.97","532.49","342.54M","-3.71%"
"09/21/2014","555.12","566.26","566.29","547.85","355.71M","-1.97%"
"09/14/2014","566.26","561.91","569.64","557.54","304.75M","0.77%"
"09/07/2014","561.93","563.62","565.51","557.41","277.13M","-0.29%"
"08/31/2014","563.57","556.91","569.00","556.91","422.88M","1.20%"
"08/24/2014","556.88","553.46","563.57","553.46","269.79M","0.64%"
"08/17/2014","553.32","548.84","557.22","548.77","387.26M","0.78%"
"08/10/2014","549.03","537.72","550.53","537.72","400.01M","2.12%"
"08/03/2014","537.63","553.68","560.01","531.59","379.96M","-2.87%"
"07/27/2014","553.54","568.59","568.60","551.01","258.14M","-2.65%"
"07/20/2014","568.59","562.61","574.86","559.48","288.64M","1.06%"
"07/13/2014","562.61","556.79","572.23","556.67","308.50M","1.05%"
"07/06/2014","556.76","576.02","578.35","553.49","264.00M","-3.33%"
"06/29/2014","575.93","566.45","577.61","565.17","259.30M","1.66%"
"06/22/2014","566.55","578.46","580.99","561.57","245.77M","-2.06%"
"06/15/2014","578.44","572.28","580.43","563.69","304.94M","1.08%"
"06/08/2014","572.24","569.98","573.15","564.94","232.22M","0.42%"
"06/01/2014","569.86","554.43","569.86","554.43","336.26M","2.78%"
"05/25/2014","554.43","551.75","557.12","550.53","317.28M","0.49%"
"05/18/2014","551.70","543.81","551.73","540.03","330.53M","1.45%"
"05/11/2014","543.81","540.29","550.09","538.89","374.09M","0.65%"
"05/04/2014","540.29","534.13","540.34","530.44","410.15M","1.14%"
"04/27/2014","534.20","517.73","534.20","516.13","302.73M","3.18%"
"04/20/2014","517.76","503.90","517.85","503.83","333.87M","2.77%"
"04/13/2014","503.79","494.59","503.79","493.53","193.59M","1.86%"
"04/06/2014","494.58","513.13","513.18","494.58","390.17M","-3.64%"
"03/30/2014","513.28","512.42","515.19","509.01","283.57M","0.20%"
"03/23/2014","512.23","506.92","514.69","504.09","369.09M","1.05%"
"03/16/2014","506.92","492.73","507.17","492.63","395.81M","2.88%"
"03/09/2014","492.73","508.42","508.42","489.23","429.81M","-3.09%"
"03/02/2014","508.45","507.62","512.18","503.56","455.01M","0.12%"
"02/23/2014","507.84","505.76","509.37","501.51","496.04M","0.41%"
"02/16/2014","505.76","499.84","507.71","497.54","375.11M","1.20%"
"02/09/2014","499.77","501.88","503.66","494.97","568.74M","-0.41%"
"02/02/2014","501.83","490.21","501.99","485.15","359.12M","2.37%"
"01/26/2014","490.21","502.10","502.58","487.98","466.16M","-2.37%"
"01/19/2014","502.12","516.59","520.30","502.12","384.07M","-2.80%"
"01/12/2014","516.60","510.66","519.51","507.92","610.44M","1.17%"
"01/05/2014","510.65","502.29","514.82","498.43","521.03M","1.66%"
"12/29/2013","502.32","505.04","506.60","499.67","241.11M","-0.50%"
"12/22/2013","504.83","493.06","504.88","493.06","129.42M","2.40%"
"12/15/2013","493.02","484.27","493.02","483.33","453.12M","1.81%"
"12/08/2013","484.27","487.56","493.20","480.64","421.15M","-0.67%"
"12/01/2013","487.54","498.25","499.00","486.02","469.07M","-2.15%"
"11/24/2013","498.25","495.58","500.73","493.70","427.76M","0.55%"
"11/17/2013","495.51","500.47","502.67","494.03","406.87M","-0.94%"
"11/10/2013","500.22","493.82","500.61","489.33","479.15M","1.30%"
"11/03/2013","493.79","491.54","499.31","490.07","434.57M","0.47%"
"10/27/2013","491.50","494.17","497.55","486.17","507.06M","-0.55%"
"10/20/2013","494.21","475.73","494.21","475.72","442.94M","3.89%"
"10/13/2013","475.72","462.36","475.88","462.36","344.37M","2.89%"
"10/06/2013","462.35","464.33","464.33","452.37","312.35M","-0.42%"
"09/29/2013","464.31","465.63","466.01","459.33","299.13M","-0.28%"
"09/22/2013","465.62","469.48","470.20","465.25","460.41M","-0.79%"
"09/15/2013","469.33","464.60","470.05","461.61","470.91M","1.02%"
"09/08/2013","464.57","462.24","467.26","461.86","396.04M","0.51%"
"09/01/2013","462.22","456.87","464.35","456.87","345.23M","1.17%"
"08/25/2013","456.88","461.15","463.56","455.79","388.54M","-0.93%"
"08/18/2013","461.15","462.30","463.59","457.49","529.63M","-0.23%"
"08/11/2013","462.21","461.27","464.75","458.86","387.22M","0.21%"
"08/04/2013","461.24","458.67","463.04","452.62","392.89M","0.55%"
"07/28/2013","458.70","456.00","460.88","453.46","367.08M","0.59%"
"07/21/2013","456.00","457.84","460.95","455.47","348.21M","-0.41%"
"07/14/2013","457.86","453.96","458.62","451.59","531.78M","0.85%"
"07/07/2013","454.00","441.82","456.30","441.82","381.88M","2.77%"
"06/30/2013","441.75","431.01","445.61","430.24","298.52M","2.49%"
"06/23/2013","431.03","433.80","436.60","421.40","436.69M","-0.72%"
"06/16/2013","434.14","436.41","443.49","432.61","397.83M","-0.49%"
"06/09/2013","436.29","443.34","445.23","429.53","400.12M","-1.59%"
"06/02/2013","443.33","453.81","453.85","436.71","438.49M","-2.31%"
"05/26/2013","453.82","449.87","459.21","449.87","452.43M","0.88%"
"05/19/2013","449.87","451.22","457.07","445.85","549.53M","-0.29%"
"05/12/2013","451.19","450.65","453.30","448.49","513.45M","0.12%"
"05/05/2013","450.63","446.37","453.55","445.41","297.16M","0.95%"
"04/28/2013","446.38","444.81","446.62","437.63","454.71M","0.35%"
"04/21/2013","444.82","429.58","445.01","428.42","476.81M","3.54%"
"04/14/2013","429.60","433.37","434.10","420.79","399.02M","-0.87%"
"04/07/2013","433.37","426.41","438.62","426.41","499.77M","1.64%"
"03/31/2013","426.36","433.48","441.11","425.08","336.17M","-1.81%"
"03/24/2013","434.21","438.20","441.51","433.28","163.23M","-0.91%"
"03/17/2013","438.20","443.56","444.53","436.09","500.73M","-1.24%"
"03/10/2013","443.69","441.72","446.83","439.48","514.68M","0.46%"
"03/03/2013","441.68","434.32","443.54","431.95","503.20M","1.68%"
"02/24/2013","434.38","434.65","438.77","430.42","390.94M","-0.06%"
"02/17/2013","434.62","434.69","439.91","432.24","339.97M","-0.03%"
"02/10/2013","434.75","435.72","436.71","431.61","425.79M","-0.25%"
"02/03/2013","435.83","434.58","436.38","427.59","392.08M","0.29%"
"01/27/2013","434.55","435.27","435.59","428.24","298.95M","-0.13%"
"01/20/2013","435.12","432.08","436.38","427.60","325.06M","0.71%"
"01/13/2013","432.06","423.18","433.55","422.45","412.88M","2.11%"
"01/06/2013","423.15","422.64","425.72","418.71","469.36M","0.15%"
"12/30/2012","422.50","410.58","422.54","410.58","335.57M","2.97%"
"12/23/2012","410.30","414.79","415.66","409.48","83.89M","-1.09%"
"12/16/2012","414.81","413.40","418.02","409.24","467.36M","0.37%"
"12/09/2012","413.27","410.24","416.67","408.70","532.07M","0.74%"
"12/02/2012","410.24","411.12","413.75","405.20","319.13M","-0.21%"
"11/25/2012","411.12","413.39","413.39","402.08","374.40M","-0.56%"
"11/18/2012","413.42","400.46","413.99","400.46","329.75M","3.34%"
"11/11/2012","400.05","404.90","407.04","398.44","386.94M","-1.22%"
"11/04/2012","404.98","411.90","414.06","400.84","242.45M","-1.68%"
"10/28/2012","411.90","410.04","415.78","408.73","255.51M","0.45%"
"10/21/2012","410.04","417.35","417.71","402.97","429.00M","-1.75%"
"10/14/2012","417.35","417.86","423.32","417.09","348.79M","-0.12%"
"10/07/2012","417.86","422.57","422.57","415.16","304.15M","-1.11%"
"09/30/2012","422.57","415.42","422.62","414.51","286.23M","1.72%"
"09/23/2012","415.42","426.10","428.63","415.01","288.66M","-2.51%"
"09/16/2012","426.10","430.38","430.38","418.74","408.42M","-0.99%"
"09/09/2012","430.38","413.57","430.50","412.47","352.24M","4.06%"
"09/02/2012","413.57","404.35","415.45","399.92","307.23M","2.28%"
"08/26/2012","404.35","400.83","405.86","399.26","233.63M","0.88%"
"08/19/2012","400.83","408.39","409.61","398.76","274.23M","-1.85%"
"08/12/2012","408.39","399.46","408.59","396.13","217.70M","2.24%"
"08/05/2012","399.46","396.48","402.10","395.56","213.45M","0.75%"
"07/29/2012","396.48","394.47","397.13","385.68","276.21M","0.51%"
"07/22/2012","394.47","393.19","394.47","378.71","296.61M","0.33%"
"07/15/2012","393.19","384.93","396.07","382.52","309.03M","2.15%"
"07/08/2012","384.93","374.99","385.44","372.25","250.47M","2.65%"
"07/01/2012","374.99","375.55","387.15","374.18","293.78M","-0.15%"
"06/24/2012","375.55","354.77","375.88","350.04","423.52M","5.86%"
"06/17/2012","354.77","360.93","368.83","354.55","393.38M","-1.71%"
"06/10/2012","360.93","356.47","364.37","348.79","398.19M","1.25%"
"06/03/2012","356.47","346.99","360.72","339.77","360.36M","2.73%"
"05/27/2012","346.99","361.37","365.28","343.90","340.30M","-4.07%"
"05/20/2012","361.73","358.45","371.59","356.87","341.66M","0.92%"
"05/13/2012","358.45","377.38","377.44","358.45","318.36M","-5.02%"
"05/06/2012","377.38","381.08","384.97","367.16","451.91M","-0.97%"
"04/29/2012","381.08","387.83","393.85","381.02","265.72M","-1.74%"
"04/22/2012","387.83","389.83","392.53","376.90","437.32M","-0.51%"
"04/15/2012","389.83","382.32","393.00","379.29","428.77M","1.96%"
"04/08/2012","382.32","389.61","389.65","376.07","339.79M","-1.87%"
"04/01/2012","389.61","394.39","399.01","389.08","143.25M","-1.21%"
"03/25/2012","394.39","396.20","403.73","388.10","416.06M","-0.46%"
"03/18/2012","396.20","401.64","403.51","390.33","454.87M","-1.35%"
"03/11/2012","401.64","393.63","402.40","390.53","470.21M","2.03%"
"03/04/2012","393.63","396.65","396.65","379.08","480.04M","-0.76%"
"02/26/2012","396.65","394.92","399.89","392.81","330.02M","0.44%"
"02/19/2012","394.92","387.57","395.64","387.57","371.15M","1.90%"
"02/12/2012","387.57","384.30","392.27","381.07","536.68M","0.85%"
"02/05/2012","384.30","377.58","384.57","372.99","622.61M","1.78%"
"01/29/2012","377.58","368.03","377.58","362.72","441.19M","2.59%"
"01/22/2012","368.03","365.18","370.41","361.14","423.93M","0.78%"
"01/15/2012","365.18","365.06","370.85","360.12","467.30M","0.03%"
"01/08/2012","365.06","363.88","371.80","360.55","542.89M","0.32%"
"01/01/2012","363.88","357.60","366.44","356.25","371.65M","1.76%"
"12/25/2011","357.60","355.84","358.35","351.82","118.88M","0.49%"
"12/18/2011","355.84","340.63","355.85","337.08","314.21M","4.47%"
"12/11/2011","340.63","351.41","351.45","332.91","460.26M","-3.07%"
"12/04/2011","351.41","352.03","360.36","342.92","468.67M","-0.18%"
"11/27/2011","352.03","328.32","356.43","327.91","496.35M","7.22%"
"11/20/2011","328.32","350.40","350.94","320.22","449.22M","-6.30%"
"11/13/2011","350.40","361.51","365.29","348.81","410.47M","-3.07%"
"11/06/2011","361.51","355.53","366.62","347.26","477.26M","1.68%"
"10/30/2011","355.53","363.07","363.10","338.20","561.96M","-2.08%"
"10/23/2011","363.07","352.23","369.72","350.63","571.38M","3.08%"
"10/16/2011","352.23","345.07","352.23","337.41","445.68M","2.07%"
"10/09/2011","345.07","320.82","345.38","320.79","430.75M","7.56%"
"10/02/2011","320.82","322.92","326.84","298.74","550.88M","-0.65%"
"09/25/2011","322.92","316.82","327.92","307.92","475.18M","1.93%"
"09/18/2011","316.82","340.67","340.68","310.23","435.53M","-7.00%"
"09/11/2011","340.67","331.47","344.46","319.78","544.32M","2.78%"
"09/04/2011","331.47","341.33","341.64","320.97","456.39M","-2.89%"
"08/28/2011","341.33","332.89","353.89","332.89","382.41M","2.54%"
"08/21/2011","332.89","323.82","339.40","318.00","428.57M","2.80%"
"08/14/2011","323.82","336.91","348.83","312.47","586.34M","-3.89%"
"08/07/2011","336.91","335.83","338.02","299.04","772.75M","0.32%"
"07/31/2011","335.83","383.59","389.64","332.11","677.54M","-12.45%"
"07/24/2011","383.59","392.43","394.80","379.61","412.82M","-2.25%"
"07/17/2011","392.43","383.57","395.65","376.59","534.01M","2.31%"
"07/10/2011","383.57","385.40","385.45","370.24","462.75M","-0.47%"
"07/03/2011","385.40","391.21","396.33","385.11","411.44M","-1.49%"
"06/26/2011","391.21","367.56","392.40","366.12","385.70M","6.43%"
"06/19/2011","367.56","375.88","384.97","366.88","384.52M","-2.21%"
"06/12/2011","375.88","386.57","390.71","367.83","439.24M","-2.77%"
"06/05/2011","386.57","397.15","398.47","384.91","478.23M","-2.66%"
"05/29/2011","397.15","399.82","407.17","393.45","432.62M","-0.67%"
"05/22/2011","399.82","399.42","400.16","390.85","851.77M","0.10%"
"05/15/2011","399.42","398.33","405.88","393.80","556.25M","0.27%"
"05/08/2011","398.33","399.27","405.91","393.64","444.38M","-0.24%"
"05/01/2011","399.27","413.39","415.16","388.49","493.94M","-3.42%"
"04/24/2011","413.39","407.49","413.39","405.73","350.19M","1.45%"
"04/17/2011","407.49","403.08","407.49","392.81","190.42M","1.09%"
"04/10/2011","403.08","417.90","418.16","401.52","447.70M","-3.55%"
"04/03/2011","417.90","414.51","420.43","413.94","415.20M","0.82%"
"03/27/2011","414.51","408.96","415.09","403.81","413.96M","1.36%"
"03/20/2011","408.96","399.13","409.08","399.13","425.43M","2.46%"
"03/13/2011","399.13","396.30","401.56","375.76","657.68M","0.71%"
"03/06/2011","396.30","410.69","414.36","392.87","460.69M","-3.50%"
"02/27/2011","410.69","405.36","412.45","401.34","451.27M","1.31%"
"02/20/2011","405.36","402.79","405.50","394.24","481.77M","0.64%"
"02/13/2011","402.79","404.08","409.44","400.48","507.36M","-0.32%"
"02/06/2011","404.08","403.32","406.67","395.36","576.97M","0.19%"
"01/30/2011","403.32","392.63","408.53","389.17","596.60M","2.72%"
"01/23/2011","392.63","393.17","396.24","386.37","502.68M","-0.14%"
"01/16/2011","393.17","404.01","406.34","387.56","507.43M","-2.68%"
"01/09/2011","404.01","400.59","409.11","398.32","606.61M","0.85%"
"01/02/2011","400.59","400.40","406.08","397.74","","0.05%"
"12/26/2010","400.40","400.37","403.10","397.94","","0.01%"
"12/19/2010","400.37","388.68","401.17","388.46","","3.01%"
"12/12/2010","388.68","383.17","388.79","380.62","","1.44%"
"12/05/2010","383.17","382.25","391.41","381.83","","0.24%"
"11/28/2010","382.25","366.80","384.21","360.15","","4.21%"
"11/21/2010","366.80","374.42","377.95","363.06","","-2.04%"
"11/14/2010","374.42","378.03","381.06","365.88","","-0.95%"
"11/07/2010","378.03","377.57","381.39","373.26","","0.12%"
"10/31/2010","377.57","371.22","380.32","369.32","","1.71%"
"10/24/2010","371.22","364.60","371.99","364.60","","1.82%"
"10/17/2010","364.60","362.98","367.09","358.40","","0.45%"
"10/10/2010","362.98","357.17","365.49","351.99","","1.63%"
"10/03/2010","357.17","351.66","357.88","347.78","","1.57%"
"09/26/2010","351.66","348.13","354.40","345.40","","1.01%"
"09/19/2010","348.13","344.82","351.68","342.17","","0.96%"
"09/12/2010","344.82","341.63","347.70","341.63","","0.93%"
"09/05/2010","341.63","338.06","343.29","331.66","","1.06%"
"08/29/2010","338.06","320.41","341.35","315.88","","5.51%"
"08/22/2010","320.41","323.77","328.01","310.25","","-1.04%"
"08/15/2010","323.77","326.34","336.73","321.17","","-0.79%"
"08/08/2010","326.34","343.11","347.25","322.01","","-4.89%"
"08/01/2010","343.11","327.73","346.99","327.73","","4.69%"
"07/25/2010","327.73","331.42","339.05","324.85","","-1.11%"
"07/18/2010","331.42","317.21","333.14","311.64","","4.48%"
"07/11/2010","317.21","318.98","328.96","316.10","","-0.55%"
"07/04/2010","318.98","298.80","319.78","295.85","","6.75%"
"06/27/2010","298.80","312.51","316.65","290.71","","-4.39%"
"06/20/2010","312.51","330.05","338.09","312.32","","-5.31%"
"06/13/2010","330.05","323.29","336.62","323.29","","2.09%"
"06/06/2010","323.29","317.23","324.87","307.32","","1.91%"
"05/30/2010","317.23","318.69","328.28","306.12","","-0.46%"
"05/23/2010","318.69","313.94","325.02","297.55","","1.51%"
"05/16/2010","313.94","329.66","335.63","302.01","","-4.77%"
"05/09/2010","329.66","317.82","342.98","317.82","","3.73%"
"05/02/2010","317.82","348.15","352.98","312.24","","-8.71%"
"04/25/2010","348.15","356.07","360.61","344.57","","-2.22%"
"04/18/2010","356.07","351.56","357.14","343.88","","1.28%"
"04/11/2010","351.56","352.93","356.96","347.19","","-0.39%"
"04/04/2010","352.93","342.61","353.37","342.61","","3.01%"
"03/28/2010","342.61","339.16","342.61","338.30","","1.02%"
"03/21/2010","339.16","334.93","343.60","330.79","","1.26%"
"03/14/2010","334.93","337.11","340.39","331.00","","-0.65%"
"03/07/2010","337.11","335.72","340.06","330.25","","0.41%"
"02/28/2010","335.72","317.57","335.97","317.57","","5.72%"
"02/21/2010","317.57","324.24","329.01","311.80","","-2.06%"
"02/14/2010","324.24","310.95","324.25","307.64","","4.27%"
"02/07/2010","310.95","318.79","321.94","307.87","","-2.46%"
"01/31/2010","318.79","329.81","339.58","314.82","","-3.34%"
"01/24/2010","329.81","325.32","330.88","318.56","","1.38%"
"01/17/2010","325.32","345.30","346.57","322.77","","-5.79%"
"01/10/2010","345.30","349.44","356.29","339.68","","-1.18%"
"01/03/2010","349.44","339.32","351.44","339.32","","2.98%"
"12/27/2009","339.32","339.41","343.14","339.29","","-0.03%"
"12/20/2009","339.41","332.09","340.35","332.09","","2.20%"
"12/13/2009","332.09","330.82","339.67","330.82","","0.38%"
"12/06/2009","330.82","331.43","334.22","322.80","","-0.18%"
"11/29/2009","331.43","323.47","332.53","317.49","","2.46%"
"11/22/2009","323.47","318.16","330.27","309.10","","1.67%"
"11/15/2009","318.16","314.61","329.67","314.61","","1.13%"
"11/08/2009","314.61","302.56","316.75","302.56","","3.98%"
"11/01/2009","302.56","299.29","308.81","292.61","","1.09%"
"10/25/2009","299.29","310.13","312.77","294.69","","-3.50%"
"10/18/2009","310.13","309.89","319.26","309.89","","0.08%"
"10/11/2009","309.89","306.40","314.42","302.61","","1.14%"
"10/04/2009","306.40","281.68","306.51","281.68","","8.78%"
"09/27/2009","281.68","289.03","297.17","279.83","","-2.54%"
"09/20/2009","289.03","295.63","299.44","286.80","","-2.23%"
"09/13/2009","295.63","283.10","298.71","277.07","","4.43%"
"09/06/2009","283.10","271.49","285.79","271.49","","4.28%"
"08/30/2009","271.49","278.44","278.44","264.56","","-2.50%"
"08/23/2009","278.44","278.29","285.89","272.90","","0.05%"
"08/16/2009","278.29","270.67","278.29","262.67","","2.82%"
"08/09/2009","270.67","274.21","275.20","263.79","","-1.29%"
"08/02/2009","274.21","269.39","279.03","266.11","","1.79%"
"07/26/2009","269.39","268.01","272.83","260.12","","0.51%"
"07/19/2009","268.01","254.15","270.25","254.15","","5.45%"
"07/12/2009","254.15","234.79","255.14","232.03","","8.25%"
"07/05/2009","234.79","252.50","252.50","234.44","","-7.01%"
"06/28/2009","252.50","252.56","261.21","250.31","","-0.02%"
"06/21/2009","252.56","261.42","261.42","239.40","","-3.39%"
"06/14/2009","261.42","276.75","276.75","253.70","","-5.54%"
"06/07/2009","276.75","272.77","282.68","265.39","","1.46%"
"05/31/2009","272.77","265.71","279.45","263.55","","2.66%"
"05/24/2009","265.71","256.47","267.64","249.57","","3.60%"
"05/17/2009","256.47","247.98","263.69","243.87","","3.42%"
"05/10/2009","247.98","255.83","258.70","240.81","","-3.07%"
"05/03/2009","255.83","226.66","255.83","226.66","","12.87%"
"04/26/2009","226.66","219.41","229.22","213.96","","3.30%"
"04/19/2009","219.41","221.57","223.72","207.17","","-0.97%"
"04/12/2009","221.57","196.99","221.57","196.99","","12.48%"
"04/05/2009","196.99","209.01","215.74","195.60","","-5.75%"
"03/29/2009","209.01","208.96","218.62","198.73","","0.02%"
"03/22/2009","208.96","200.86","215.24","200.86","","4.03%"
"03/15/2009","200.86","189.81","202.98","189.01","","5.82%"
"03/08/2009","189.81","179.63","196.92","176.89","","5.67%"
"03/01/2009","179.63","191.57","191.57","175.42","","-6.23%"
"02/22/2009","191.57","188.57","195.77","179.69","","1.59%"
"02/15/2009","188.57","210.64","210.64","188.08","","-10.48%"
"02/08/2009","210.64","209.04","218.38","206.04","","0.77%"
"02/01/2009","209.04","201.15","209.12","190.26","","3.92%"
"01/25/2009","201.15","197.74","207.97","195.25","","1.72%"
"01/18/2009","197.74","204.64","207.59","188.35","","-3.37%"
"01/11/2009","204.64","210.38","210.53","190.34","","-2.73%"
"01/04/2009","210.38","211.68","225.88","204.61","","-0.61%"
"12/28/2008","211.68","188.94","211.68","188.94","","12.04%"
"12/21/2008","188.94","192.29","192.30","182.92","","-1.74%"
"12/14/2008","192.29","182.59","196.81","182.59","","5.31%"
"12/07/2008","182.59","164.90","195.51","164.90","111.69M","10.73%"
"11/30/2008","164.90","192.79","193.50","163.83","","-14.47%"
"11/23/2008","192.79","162.92","198.69","162.92","","18.33%"
"11/16/2008","162.92","193.07","194.63","155.70","","-15.62%"
"11/09/2008","193.07","220.62","233.14","185.29","","-12.49%"
"11/02/2008","220.62","214.54","241.17","212.44","","2.83%"
"10/26/2008","214.54","192.83","214.54","177.33","","11.26%"
"10/19/2008","192.83","202.01","228.58","186.75","","-4.54%"
"10/12/2008","202.01","211.28","253.86","195.24","","-4.39%"
"10/05/2008","211.28","270.69","270.69","207.05","","-21.95%"
"09/28/2008","270.69","290.97","294.10","246.91","","-6.97%"
"09/21/2008","290.97","320.70","327.93","290.95","","-9.27%"
"09/14/2008","320.70","326.45","326.45","281.67","","-1.76%"
"09/07/2008","326.45","324.95","342.86","306.44","","0.46%"
"08/31/2008","324.95","377.41","378.01","324.58","","-13.90%"
"08/24/2008","377.41","372.08","378.88","360.63","","1.43%"
"08/17/2008","372.08","352.48","373.08","352.48","","5.56%"
"08/10/2008","352.48","356.80","361.59","348.76","","-1.21%"
"08/03/2008","356.80","363.14","367.03","346.54","","-1.75%"
"07/27/2008","363.14","351.55","379.29","351.55","","3.30%"
"07/20/2008","351.55","362.15","374.07","349.21","","-2.93%"
"07/13/2008","362.15","384.31","385.84","353.62","","-5.77%"
"07/06/2008","384.31","392.28","399.31","380.62","","-2.03%"
"06/29/2008","392.28","408.33","414.82","390.16","","-3.93%"
"06/22/2008","408.33","424.78","428.53","403.74","","-3.88%"
"06/15/2008","424.80","430.53","444.26","423.79","","-1.33%"
"06/08/2008","430.53","433.86","436.99","420.47","","-0.77%"
"06/01/2008","433.86","437.62","441.79","422.54","","-0.86%"
"05/25/2008","437.62","455.71","455.71","425.49","","-3.97%"
"05/18/2008","455.71","448.88","463.39","444.96","","1.52%"
"05/11/2008","448.88","427.16","451.09","424.51","","5.08%"
"05/04/2008","427.16","418.43","435.42","411.84","","2.09%"
"04/27/2008","418.43","398.22","420.40","397.12","","5.08%"
"04/20/2008","398.22","386.26","402.68","386.26","","3.10%"
"04/13/2008","386.26","375.13","390.43","366.99","","2.97%"
"04/06/2008","375.13","370.84","382.24","370.84","","1.16%"
"03/30/2008","370.84","356.15","372.54","351.09","","4.12%"
"03/23/2008","356.15","341.63","358.39","341.63","","4.25%"
"03/16/2008","341.63","351.09","351.09","338.03","","-2.69%"
"03/09/2008","351.09","355.75","364.56","346.20","","-1.31%"
"03/02/2008","355.75","367.78","369.45","353.51","","-3.27%"
"02/24/2008","367.78","365.68","377.37","364.40","","0.57%"
"02/17/2008","365.68","356.78","372.79","356.78","","2.49%"
"02/10/2008","356.78","336.45","362.83","333.00","","6.04%"
"02/03/2008","336.45","344.40","354.05","332.25","","-2.31%"
"01/27/2008","344.40","350.85","353.22","332.21","","-1.84%"
"01/20/2008","350.85","347.10","354.70","302.56","","1.08%"
"01/13/2008","347.10","377.46","383.77","339.91","","-8.04%"
"01/06/2008","377.46","409.25","412.89","376.56","","-7.77%"
"12/30/2007","409.25","422.08","428.17","409.11","","-3.04%"
"12/23/2007","422.08","412.88","422.59","412.88","","2.23%"
"12/16/2007","412.88","411.58","414.01","398.55","","0.32%"
"12/09/2007","411.58","416.31","422.42","408.70","","-1.14%"
"12/02/2007","416.31","422.60","424.98","410.31","","-1.49%"
"11/25/2007","422.60","407.99","423.77","403.01","","3.58%"
"11/18/2007","407.99","409.21","414.37","392.69","","-0.30%"
"11/11/2007","409.21","434.03","434.03","405.05","","-5.72%"
"11/04/2007","434.03","430.15","443.93","427.83","","0.90%"
"10/28/2007","430.15","433.07","443.02","426.43","","-0.67%"
"10/21/2007","433.07","422.80","436.23","408.48","","2.43%"
"10/14/2007","422.80","429.84","434.93","420.57","","-1.64%"
"10/07/2007","429.84","414.42","429.87","410.56","","3.72%"
"09/30/2007","414.42","423.13","430.04","409.06","","-2.06%"
"09/23/2007","423.13","423.60","429.77","415.83","","-0.11%"
"09/16/2007","423.60","410.94","424.37","404.44","","3.08%"
"09/09/2007","410.94","402.43","412.85","395.64","","2.11%"
"09/02/2007","402.43","399.17","412.69","397.62","","0.82%"
"08/26/2007","399.17","393.67","401.01","376.54","","1.40%"
"08/19/2007","393.67","380.67","394.90","380.67","","3.42%"
"08/12/2007","380.67","386.14","396.82","365.11","","-1.42%"
"08/05/2007","386.14","404.38","411.73","378.44","","-4.51%"
"07/29/2007","404.38","409.95","420.88","402.98","","-1.36%"
"07/22/2007","409.95","440.73","442.84","406.61","","-6.98%"
"07/15/2007","440.73","440.23","445.78","433.68","","0.11%"
"07/08/2007","440.23","432.75","443.94","428.26","","1.73%"
"07/01/2007","432.75","426.52","437.01","425.45","","1.46%"
"06/24/2007","426.52","421.96","428.70","411.13","","1.08%"
"06/17/2007","421.96","422.22","427.50","420.36","","-0.06%"
"06/10/2007","422.22","402.74","422.24","397.80","","4.84%"
"06/03/2007","402.74","418.98","420.37","394.56","","-3.88%"
"05/27/2007","418.98","411.07","419.37","403.36","","1.92%"
"05/20/2007","411.07","407.93","418.14","407.69","","0.77%"
"05/13/2007","407.93","393.25","408.30","392.93","","3.73%"
"05/06/2007","393.25","408.90","413.03","389.54","","-3.83%"
"04/29/2007","408.90","396.90","409.23","396.78","","3.02%"
"04/22/2007","396.90","393.98","403.71","393.98","","0.74%"
"04/15/2007","393.98","390.18","395.26","384.50","","0.97%"
"04/08/2007","390.18","389.56","394.58","385.82","","0.16%"
"04/01/2007","389.56","386.16","390.91","384.68","","0.88%"
"03/25/2007","386.16","386.91","390.29","380.51","","-0.19%"
"03/18/2007","386.91","368.14","386.95","368.14","","5.10%"
"03/11/2007","368.14","372.23","374.87","359.15","","-1.10%"
"03/04/2007","372.23","367.86","375.89","354.50","","1.19%"
"02/25/2007","367.86","386.69","390.76","360.11","","-4.87%"
"02/18/2007","386.69","387.80","391.35","382.88","","-0.29%"
"02/11/2007","387.80","395.36","398.56","386.00","","-1.91%"
"02/04/2007","395.36","392.70","396.09","389.53","","0.68%"
"01/28/2007","392.70","385.09","394.28","384.16","","1.98%"
"01/21/2007","385.09","376.63","390.30","376.63","","2.25%"
"01/14/2007","376.63","362.59","376.63","362.59","","3.87%"
"01/07/2007","362.59","360.56","367.28","352.67","","0.56%"
"12/31/2006","360.56","371.37","377.55","353.77","","-2.91%"
"12/24/2006","371.37","366.97","373.01","366.25","","1.20%"
"12/17/2006","366.97","360.18","378.62","360.18","","1.89%"
"12/10/2006","360.18","348.61","360.18","347.68","","3.32%"
"12/03/2006","348.61","345.29","351.06","345.29","","0.96%"
"11/26/2006","345.29","347.35","350.72","337.05","","-0.59%"
"11/19/2006","347.35","343.85","355.99","342.05","","1.02%"
"11/12/2006","343.85","346.08","355.35","342.71","","-0.64%"
"11/05/2006","346.08","342.57","352.93","342.57","","1.02%"
"10/29/2006","342.57","340.09","342.60","334.93","","0.73%"
"10/22/2006","340.09","336.41","342.17","330.84","","1.09%"
"10/15/2006","336.41","325.28","338.83","325.28","","3.42%"
"10/08/2006","325.28","309.83","325.38","309.83","","4.99%"
"10/01/2006","309.83","309.95","311.95","297.25","","-0.04%"
"09/24/2006","309.95","305.59","314.18","294.24","","1.43%"
"09/17/2006","305.59","311.20","317.36","305.42","","-1.80%"
"09/10/2006","311.20","321.12","321.12","307.91","","-3.09%"
"09/03/2006","321.12","326.27","334.02","319.07","","-1.58%"
"08/27/2006","326.27","323.92","327.15","318.02","","0.73%"
"08/20/2006","323.92","317.10","327.38","317.10","","2.15%"
"08/13/2006","317.10","315.61","320.10","312.51","","0.47%"
"08/06/2006","315.61","322.09","326.15","314.21","","-2.01%"
"07/30/2006","322.09","321.74","328.44","319.07","","0.11%"
"07/23/2006","321.74","307.53","325.66","305.70","","4.62%"
"07/16/2006","307.53","320.21","321.90","305.19","","-3.96%"
"07/09/2006","320.21","325.63","329.35","319.30","","-1.66%"
"07/02/2006","325.63","315.65","326.60","315.65","","3.16%"
"06/25/2006","315.65","308.78","323.84","307.09","","2.22%"
"06/18/2006","308.78","297.33","308.84","288.37","","3.85%"
"06/11/2006","297.33","304.09","312.55","280.22","","-2.22%"
"06/04/2006","304.09","327.13","327.13","296.94","","-7.04%"
"05/28/2006","327.13","319.97","329.34","307.79","","2.24%"
"05/21/2006","319.97","310.19","322.49","294.65","","3.15%"
"05/14/2006","310.19","346.90","346.90","309.84","","-10.58%"
"05/07/2006","346.90","353.76","360.37","346.13","","-1.94%"
"04/30/2006","353.76","338.62","354.66","338.62","","4.47%"
"04/23/2006","338.62","347.69","353.28","336.05","","-2.61%"
"04/16/2006","347.69","330.31","347.84","330.31","","5.26%"
"04/09/2006","330.31","331.12","339.86","329.83","","-0.24%"
"04/02/2006","331.12","328.61","354.66","324.98","","0.76%"
"03/26/2006","328.61","323.30","332.93","322.31","","1.64%"
"03/19/2006","323.30","315.78","323.96","311.26","","2.38%"
"03/12/2006","315.79","305.47","316.90","305.47","","3.38%"
"03/05/2006","305.47","313.25","315.21","302.50","","-2.48%"
"02/26/2006","313.25","310.67","313.78","304.58","","0.83%"
"02/19/2006","310.67","300.28","310.67","300.28","","3.46%"
"02/12/2006","300.28","297.62","301.51","288.17","","0.89%"
"02/05/2006","297.62","296.53","301.86","289.02","","0.37%"
"01/29/2006","296.53","298.07","304.23","296.17","","-0.52%"
"01/22/2006","298.07","290.51","298.66","286.79","","2.60%"
"01/15/2006","290.51","282.46","291.85","280.19","","2.85%"
"01/08/2006","282.46","283.28","285.86","279.93","","-0.29%"
"01/01/2006","283.28","277.91","283.92","277.91","","1.93%"
"12/25/2005","277.91","275.51","280.49","272.79","","0.87%"
"12/18/2005","275.51","270.83","277.04","266.90","","1.72%"
"12/11/2005","270.84","276.59","278.59","270.60","","-2.08%"
"12/04/2005","276.59","271.73","277.78","269.88","","1.79%"
"11/27/2005","271.73","264.05","271.85","258.28","","2.91%"
"11/20/2005","264.05","258.09","264.12","258.09","","2.31%"
"11/13/2005","258.09","254.43","259.79","251.47","","1.44%"
"11/06/2005","254.43","260.12","261.06","252.73","","-2.19%"
"10/30/2005","260.12","244.37","261.72","244.37","","6.45%"
"10/23/2005","244.37","237.76","251.09","237.76","","2.78%"
"10/16/2005","237.76","244.64","249.71","231.30","","-2.81%"
"10/09/2005","244.64","258.11","262.11","242.77","","-5.22%"
"10/02/2005","258.11","274.72","276.67","255.97","","-6.05%"
"09/25/2005","274.72","272.22","276.91","269.70","","0.92%"
"09/18/2005","272.22","269.33","276.15","269.08","","1.07%"
"09/11/2005","269.33","265.16","270.09","264.19","","1.57%"
"09/04/2005","265.16","266.54","268.27","263.69","","-0.52%"
"08/28/2005","266.54","260.99","269.06","260.74","","2.13%"
"08/21/2005","260.99","259.46","263.64","259.39","","0.59%"
"08/14/2005","259.47","259.55","260.85","252.64","","-0.03%"
"08/07/2005","259.55","251.74","261.07","251.73","","3.10%"
"07/31/2005","251.74","250.46","255.86","249.52","","0.52%"
"07/24/2005","250.45","246.86","250.63","246.86","","1.45%"
"07/17/2005","246.86","244.80","247.39","241.93","","0.84%"
"07/10/2005","244.80","249.87","250.68","244.33","","-2.03%"
"07/03/2005","249.87","239.94","249.88","235.87","","4.14%"
"06/26/2005","239.94","235.80","240.74","232.82","","1.76%"
"06/19/2005","235.80","230.85","235.84","229.75","","2.14%"
"06/12/2005","230.85","226.23","231.28","224.78","","2.04%"
"06/05/2005","226.23","219.41","226.41","215.30","","3.11%"
"05/29/2005","219.41","216.55","221.58","215.59","","1.32%"
"05/22/2005","216.55","213.42","217.42","212.55","","1.47%"
"05/15/2005","213.42","207.55","213.72","207.55","","2.83%"
"05/08/2005","207.55","209.90","212.84","207.50","","-1.12%"
"05/01/2005","209.90","203.04","209.90","203.04","","3.38%"
"04/24/2005","203.04","212.74","214.64","201.87","","-4.56%"
"04/17/2005","212.74","213.95","213.95","204.87","","-0.57%"
"04/10/2005","213.95","220.01","220.13","213.64","","-2.75%"
"04/03/2005","220.01","215.40","221.02","215.16","","2.14%"
"03/27/2005","215.40","213.44","215.53","210.83","","0.92%"
"03/20/2005","213.44","217.90","218.97","213.12","","-2.05%"
"03/13/2005","217.90","215.79","218.98","214.34","","0.98%"
"03/06/2005","215.79","219.84","221.20","214.42","","-1.84%"
"02/27/2005","219.84","215.69","219.98","214.33","","1.92%"
"02/20/2005","215.69","210.74","216.70","209.00","","2.35%"
"02/13/2005","210.74","210.94","212.97","209.72","","-0.09%"
"02/06/2005","210.94","207.17","211.85","207.17","","1.82%"
"01/30/2005","207.17","200.86","207.29","200.86","","3.14%"
"01/23/2005","200.86","200.68","202.73","199.64","","0.09%"
"01/16/2005","200.68","199.81","203.37","199.11","","0.44%"
"01/09/2005","199.81","197.11","200.04","196.37","","1.37%"
"01/02/2005","197.11","197.06","199.26","192.60","","0.02%"
"12/26/2004","197.07","197.78","198.88","196.67","","-0.36%"
"12/19/2004","197.78","192.44","198.33","192.44","","2.77%"
"12/12/2004","192.44","191.62","194.50","190.28","","0.43%"
"12/05/2004","191.62","189.77","192.34","188.63","","0.97%"
"11/28/2004","189.77","193.51","195.48","189.17","","-1.93%"
"11/21/2004","193.51","189.78","194.46","188.36","","1.97%"
"11/14/2004","189.78","185.29","189.86","184.48","","2.42%"
"11/07/2004","185.29","185.19","186.42","183.99","","0.00%"
"10/31/2004","185.29","180.01","185.43","179.80","","2.93%"
"10/24/2004","180.01","187.59","187.59","179.08","","-4.04%"
"10/17/2004","187.59","183.62","188.06","182.79","","2.16%"
"10/10/2004","183.62","192.15","192.57","183.59","","-4.44%"
"10/03/2004","192.15","188.83","193.56","188.83","","1.76%"
"09/26/2004","188.83","183.11","188.83","183.11","","3.12%"
"09/19/2004","183.11","179.82","183.13","179.58","","1.27%"
"09/12/2004","180.81","175.32","181.45","174.98","","3.04%"
"09/05/2004","175.47","176.15","177.16","173.61","","-0.40%"
"08/29/2004","176.18","173.21","176.42","171.89","","2.04%"
"08/22/2004","172.65","171.38","173.49","170.54","","1.58%"
"08/15/2004","169.96","167.74","169.96","167.74","","1.60%"
"08/08/2004","167.28","164.61","167.28","164.26","","0.77%"
"08/01/2004","166.01","171.91","173.01","166.01","","-2.77%"
"07/25/2004","170.74","167.68","171.24","167.68","","1.38%"
"07/18/2004","168.41","167.77","169.26","167.72","","-0.85%"
"07/11/2004","169.85","169.98","170.70","169.75","","-0.71%"
"07/04/2004","171.06","172.72","173.03","170.67","","-0.63%"
"06/27/2004","172.15","172.50","174.36","172.15","","-0.63%"
"06/20/2004","173.24","169.96","173.24","169.18","","1.46%"
"06/13/2004","170.74","165.01","170.74","165.01","","2.70%"
"06/06/2004","166.25","164.59","166.25","164.59","","1.96%"
"05/30/2004","163.05","162.35","163.05","162.35","","0.85%"
"05/23/2004","161.67","159.66","161.67","159.66","","2.43%"
"05/16/2004","157.83","156.87","158.17","156.87","","0.21%"
"05/09/2004","157.50","153.50","157.50","153.50","","-0.57%"
"05/02/2004","158.41","157.80","161.58","157.80","","0.30%"
"04/25/2004","157.93","166.02","166.02","157.93","","-4.80%"
"04/18/2004","165.90","167.21","168.40","165.23","","-0.85%"
"04/11/2004","167.33","169.62","169.62","166.71","","-0.48%"
"04/04/2004","168.14","168.10","168.14","166.84","","1.03%"
"03/28/2004","166.42","163.74","166.42","160.61","","2.67%"
"03/21/2004","162.09","159.31","162.09","159.31","","-0.66%"
"03/14/2004","163.16","160.72","163.68","160.72","","-0.70%"
"03/07/2004","164.31","173.71","173.71","164.31","","-4.90%"
"02/29/2004","172.77","171.71","172.77","171.58","","2.19%"
"02/22/2004","169.06","167.99","169.06","166.24","","1.63%"
"02/15/2004","166.35","158.33","166.35","158.33","","5.26%"
"02/08/2004","158.04","156.28","159.83","156.28","","2.42%"
"02/01/2004","154.31","153.66","154.58","153.11","","0.36%"
"01/25/2004","153.75","154.92","155.17","152.85","","-1.05%"
"01/18/2004","155.38","154.29","157.27","154.29","","1.34%"
"01/11/2004","153.32","150.30","153.32","150.30","","2.68%"
"01/04/2004","149.32","147.63","149.32","147.63","","2.47%"
"12/28/2003","145.72","143.77","145.72","143.61","","2.03%"
"12/21/2003","142.82","142.07","142.82","142.07","","0.74%"
"12/14/2003","141.77","141.05","141.77","140.01","","1.59%"
"12/07/2003","139.55","138.00","140.43","138.00","","1.05%"
"11/30/2003","138.10","137.45","138.56","137.45","","1.08%"
"11/23/2003","136.62","136.72","136.93","136.36","","1.38%"
"11/16/2003","134.76","135.78","135.78","133.22","","-2.38%"
"11/09/2003","138.05","138.68","138.68","137.46","","-1.01%"
"11/02/2003","139.46","137.23","139.46","136.34","","2.79%"
"10/26/2003","135.68","130.74","135.68","130.74","","4.91%"
"10/19/2003","129.33","130.66","130.71","128.88","","-1.86%"
"10/12/2003","131.78","129.90","131.78","129.90","","2.73%"
"10/05/2003","128.28","124.81","128.28","123.93","","3.33%"
"09/28/2003","124.15","121.25","124.15","119.88","","3.22%"
"09/21/2003","120.28","124.66","124.84","120.28","","-6.03%"
"09/14/2003","128.00","128.56","129.54","128.00","","0.63%"
"09/07/2003","127.20","131.48","131.48","127.20","","-2.63%"
"08/31/2003","130.64","130.67","131.82","130.10","","1.29%"
"08/24/2003","128.97","127.88","128.97","126.98","","-0.17%"
"08/17/2003","129.19","127.74","129.19","126.61","","1.68%"
"08/10/2003","127.06","123.95","127.06","123.95","","2.12%"
"08/03/2003","124.42","123.04","124.42","122.30","","0.61%"
"07/27/2003","123.66","121.05","123.66","121.05","","2.98%"
"07/20/2003","120.08","117.72","120.08","117.47","","1.90%"
"07/13/2003","117.84","117.67","119.68","117.67","","1.87%"
"07/06/2003","115.68","117.01","117.01","113.53","","0.79%"
"06/29/2003","114.77","113.47","114.77","112.51","","0.20%"
"06/22/2003","114.54","113.93","114.54","112.86","","0.68%"
"06/15/2003","113.77","110.88","114.66","110.88","","3.20%"
"06/08/2003","110.24","111.77","113.04","110.24","","-2.30%"
"06/01/2003","112.84","107.69","112.84","107.69","","7.40%"
"05/25/2003","105.07","102.84","105.07","101.59","","1.38%"
"05/18/2003","103.64","104.21","104.21","101.66","","-2.06%"
"05/11/2003","105.82","102.29","105.82","102.29","","3.43%"
"05/04/2003","102.31","100.25","102.31","100.25","","2.92%"
"04/27/2003","99.41","95.99","99.50","95.99","","2.89%"
"04/20/2003","96.62","95.28","97.02","95.28","","0.74%"
"04/13/2003","95.91","93.68","95.91","93.68","","2.51%"
"04/06/2003","93.56","94.34","94.34","93.42","","2.99%"
"03/30/2003","90.84","88.03","90.84","87.63","","1.82%"
"03/23/2003","89.22","89.07","89.88","89.07","","-2.35%"
"03/16/2003","91.37","87.64","91.37","87.64","","3.50%"
"03/09/2003","88.28","84.67","88.28","84.67","","3.68%"
"03/02/2003","85.15","87.83","87.83","85.15","","-0.79%"
"02/23/2003","85.83","85.28","85.83","83.13","","-0.10%"
"02/16/2003","85.92","88.08","88.69","85.51","","-1.82%"
"02/09/2003","87.51","89.33","90.39","87.51","","-3.61%"
"02/02/2003","90.79","92.67","92.67","90.74","","-2.02%"
"01/26/2003","92.66","94.33","94.33","91.15","","-5.82%"
"01/19/2003","98.39","100.79","100.79","98.39","","-1.90%"
"01/12/2003","100.30","101.44","101.51","100.30","","0.96%"
"01/05/2003","99.35","100.45","100.60","98.73","","-1.80%"
"12/29/2002","101.17","97.70","101.17","97.70","","2.39%"
"12/22/2002","98.81","98.97","98.97","98.81","","-1.30%"
"12/15/2002","100.11","98.85","100.11","98.85","","0.47%"
"12/08/2002","99.64","99.33","100.80","99.33","","0.64%"
"12/01/2002","99.01","109.09","109.09","99.01","","-7.73%"
"11/24/2002","107.31","102.13","107.31","101.61","","5.37%"
"11/17/2002","101.84","101.03","101.84","99.07","","1.76%"
"11/10/2002","100.08","99.18","100.08","98.99","","0.09%"
"11/03/2002","99.99","102.38","102.38","99.99","","1.02%"
"10/27/2002","98.98","99.87","99.87","97.96","","-0.53%"
"10/20/2002","99.51","101.86","101.86","99.51","","-1.90%"
"10/13/2002","101.44","99.50","103.28","99.50","","2.04%"
"10/06/2002","99.41","95.41","99.41","94.56","","2.81%"
"09/29/2002","96.69","94.16","96.71","94.05","","0.63%"
"09/22/2002","96.08","95.07","96.16","91.92","","-0.14%"
"09/15/2002","96.21","102.28","102.37","95.53","","-6.38%"
"09/08/2002","102.77","103.87","106.57","102.77","","-2.50%"
"09/01/2002","105.41","110.31","110.31","103.07","","-5.23%"
"08/25/2002","111.23","114.44","114.84","109.82","","-3.65%"
"08/18/2002","115.44","113.00","115.72","112.99","","2.23%"
"08/11/2002","112.92","111.81","113.86","111.73","","-0.63%"
"08/04/2002","113.64","109.43","113.64","109.43","","0.17%"
"07/28/2002","113.45","113.13","115.22","113.13","","2.20%"
"07/21/2002","111.01","115.44","115.44","105.52","","-7.43%"
"07/14/2002","119.92","121.21","122.77","119.92","","-1.54%"
"07/07/2002","121.80","126.61","126.61","121.80","","-3.31%"
"06/30/2002","125.97","126.96","126.96","123.34","","-0.02%"
"06/23/2002","126.00","125.83","126.83","120.59","","-2.23%"
"06/16/2002","128.87","134.34","134.49","128.87","","-1.77%"
"06/09/2002","131.19","132.31","135.05","131.19","","-0.18%"
"06/02/2002","131.43","137.96","137.96","131.43","","-5.28%"
"05/26/2002","138.75","144.14","144.14","138.70","","-4.09%"
"05/19/2002","144.66","148.22","148.22","144.66","","-2.99%"
"05/12/2002","149.12","146.76","149.12","146.76","","1.48%"
"05/05/2002","146.94","144.51","146.94","143.34","","0.83%"
"04/28/2002","145.73","141.17","146.27","141.17","","2.25%"
"04/21/2002","142.52","146.30","146.30","142.52","","-3.23%"
"04/14/2002","147.28","146.13","148.31","146.13","","0.72%"
"04/07/2002","146.22","147.53","147.53","146.18","","-1.45%"
"03/31/2002","148.37","150.58","151.02","148.06","","-0.90%"
"03/24/2002","149.71","148.60","149.71","148.49","","0.63%"
"03/17/2002","148.77","147.58","149.10","147.12","","1.48%"
"03/10/2002","146.60","146.14","146.60","145.51","","-0.12%"
"03/03/2002","146.78","139.35","146.78","139.35","","6.17%"
"02/24/2002","138.25","135.88","139.07","135.88","","2.07%"
"02/17/2002","135.45","135.15","135.45","133.71","","-0.22%"
"02/10/2002","135.75","134.83","136.37","134.65","","1.31%"
"02/03/2002","133.99","137.07","137.07","133.99","","-2.28%"
"01/27/2002","137.12","138.08","138.08","135.61","","0.34%"
"01/20/2002","136.65","135.10","137.07","134.94","","1.07%"
"01/13/2002","135.20","139.79","139.79","134.46","","-3.58%"
"01/06/2002","140.22","142.64","142.64","140.22","","-2.31%"
"12/30/2001","143.54","140.64","143.54","140.64","","2.48%"
"12/23/2001","140.07","139.11","140.07","139.11","","3.50%"
"12/16/2001","135.33","132.42","135.33","131.94","","0.74%"
"12/09/2001","134.33","135.87","136.53","134.31","","-1.42%"
"12/02/2001","136.27","133.26","136.88","133.26","","1.87%"
"11/25/2001","133.77","132.48","133.77","132.48","","1.71%"
"11/18/2001","131.52","131.25","132.17","130.51","","0.08%"
"11/11/2001","131.42","127.50","132.67","127.50","","0.45%"
"11/04/2001","130.83","126.53","130.83","126.53","","5.92%"
"10/28/2001","123.52","125.67","125.67","123.52","","-1.45%"
"10/21/2001","125.34","121.40","125.34","121.40","","4.61%"
"10/14/2001","119.82","119.54","123.70","119.54","","-1.40%"
"10/07/2001","121.52","118.06","122.56","118.06","","1.78%"
"09/30/2001","119.39","120.48","121.13","119.39","","-2.93%"
"09/23/2001","123.00","117.89","123.00","117.89","","9.58%"
"09/16/2001","112.25","134.24","134.24","112.25","","-17.33%"
"09/09/2001","135.78","143.45","143.91","135.78","","-7.85%"
"09/02/2001","147.35","148.03","150.60","147.35","","-0.89%"
"08/26/2001","148.67","152.09","152.09","148.67","","-2.58%"
"08/19/2001","152.60","151.34","152.60","151.26","","-0.18%"
"08/12/2001","152.87","154.35","154.85","152.87","","-0.71%"
"08/05/2001","153.97","155.07","155.07","153.64","","-1.09%"
"07/29/2001","155.66","156.01","156.85","155.66","","0.26%"
"07/22/2001","155.26","155.71","155.71","152.09","","0.57%"
"07/15/2001","154.38","154.46","155.06","151.99","","-0.82%"
"07/08/2001","155.66","160.29","160.29","155.66","","-2.96%"
"07/01/2001","160.40","161.44","161.56","160.40","","0.31%"
"06/24/2001","159.91","160.29","160.29","158.14","","-0.18%"
"06/17/2001","160.20","159.71","160.65","159.17","","0.08%"
"06/10/2001","160.07","165.75","165.75","160.07","","-4.97%"
"06/03/2001","168.45","169.03","169.03","168.45","","0.14%"
"05/27/2001","168.21","171.07","171.07","167.84","","-2.02%"
"05/20/2001","171.68","171.42","171.68","170.02","","2.70%"
"05/13/2001","167.16","163.27","167.16","163.27","","0.02%"
"05/06/2001","167.13","164.04","167.13","163.68","","3.31%"
"04/29/2001","161.78","163.43","163.59","161.06","","-0.43%"
"04/22/2001","162.48","159.12","162.48","159.12","","2.41%"
"04/15/2001","158.66","157.97","159.81","157.97","","-0.69%"
"04/08/2001","159.77","154.57","159.77","154.57","","3.50%"
"04/01/2001","154.37","154.07","155.10","150.84","","0.46%"
"03/25/2001","153.67","151.80","153.78","151.50","","3.15%"
"03/18/2001","148.97","153.97","155.84","148.97","","-4.63%"
"03/11/2001","156.20","164.54","164.54","155.98","","-7.16%"
"03/04/2001","168.25","166.10","170.26","166.10","","3.32%"
"02/25/2001","162.84","168.39","168.39","162.84","","-2.90%"
"02/18/2001","167.71","167.94","168.32","167.20","","1.28%"
"02/11/2001","165.59","166.68","168.54","165.59","","-2.09%"
"02/04/2001","169.12","167.39","170.65","167.39","","0.46%"
"01/28/2001","168.35","163.14","168.35","163.14","","1.97%"
"01/21/2001","165.09","163.72","165.51","163.72","","-0.04%"
"01/14/2001","165.16","163.97","165.91","162.38","","0.68%"
"01/07/2001","164.05","166.38","166.38","163.23","","-1.07%"
"12/31/2000","165.82","167.64","167.64","161.21","","0.37%"
"12/24/2000","165.21","163.75","165.67","163.75","","3.91%"
"12/17/2000","159.00","160.24","161.28","154.78","","-0.89%"
"12/10/2000","160.42","162.94","167.54","160.42","","-0.11%"
"12/03/2000","160.60","158.80","161.64","158.80","","-2.88%"
"11/26/2000","165.36","173.57","173.57","164.21","","-3.25%"
"11/19/2000","170.91","172.69","172.69","165.65","","-2.24%"
"11/12/2000","174.83","175.66","177.78","174.07","","-2.88%"
"11/05/2000","180.01","186.47","186.47","180.01","","-2.75%"
"10/29/2000","185.10","177.49","185.10","177.49","","3.10%"
"10/22/2000","179.54","175.86","179.73","175.86","","3.28%"
"10/15/2000","173.83","174.11","174.11","167.12","","0.38%"
"10/08/2000","173.18","179.28","179.37","173.18","","-4.76%"
"10/01/2000","181.83","182.08","184.56","181.13","","0.63%"
"09/24/2000","180.69","179.83","181.02","179.37","","0.72%"
"09/17/2000","179.40","187.58","187.58","179.40","","-4.55%"
"09/10/2000","187.95","183.74","188.77","183.74","","2.53%"
"09/03/2000","183.31","183.68","183.68","181.70","","-1.22%"
"08/27/2000","185.57","183.12","185.57","182.86","","0.25%"
"08/20/2000","185.10","182.61","185.55","180.77","","3.37%"
"08/13/2000","179.06","177.12","179.06","177.12","","3.65%"
"08/06/2000","172.76","169.34","172.76","169.34","","2.18%"
"07/30/2000","169.07","167.02","169.07","166.56","","0.90%"
"07/23/2000","167.56","168.67","168.67","166.78","","-0.08%"
"07/16/2000","167.69","166.05","167.69","166.05","","0.92%"
"07/09/2000","166.16","162.27","166.30","162.16","","1.88%"
"07/02/2000","163.10","161.94","163.10","161.08","","1.38%"
"06/25/2000","160.88","159.00","160.88","159.00","","1.56%"
"06/18/2000","158.41","157.97","158.41","155.82","","0.13%"
"06/11/2000","158.21","156.29","158.21","155.96","","1.95%"
"06/04/2000","155.18","154.35","155.18","152.52","","-0.39%"
"05/28/2000","155.78","151.88","155.78","151.88","","2.08%"
"05/21/2000","152.61","154.77","155.17","152.61","","-2.19%"
"05/14/2000","156.02","153.97","159.10","153.97","","1.33%"
"05/07/2000","153.97","151.28","153.97","150.70","","2.41%"
"04/30/2000","150.34","148.54","150.56","148.54","","2.75%"
"04/23/2000","146.31","143.43","146.31","143.09","","2.64%"
"04/16/2000","142.55","137.69","142.55","137.69","","2.20%"
"04/09/2000","139.48","146.38","146.38","139.48","","-4.47%"
"04/02/2000","146.01","148.04","148.04","140.62","","-1.44%"
"03/26/2000","148.14","147.75","148.14","144.36","","-0.66%"
"03/19/2000","149.13","148.79","149.35","147.39","","0.58%"
"03/12/2000","148.27","149.70","151.37","148.27","","-4.10%"
"03/05/2000","154.61","152.81","157.52","152.81","","1.82%"
"02/27/2000","151.84","145.22","151.84","145.22","","3.62%"
"02/20/2000","146.53","143.46","146.92","143.46","","1.51%"
"02/13/2000","144.35","145.90","145.90","143.48","","-0.43%"
"02/06/2000","144.98","143.19","145.12","143.18","","1.02%"
"01/30/2000","143.52","139.54","143.52","139.22","","-0.34%"
"01/23/2000","144.01","147.14","147.14","143.92","","-1.05%"
"01/16/2000","145.54","146.16","146.16","145.29","","-0.67%"
"01/09/2000","146.52","147.38","147.38","143.03","","1.90%"
"01/02/2000","143.79","149.69","149.69","141.41","","-2.26%"